"school","sex","age","address","famsize","Pstatus","Medu","Fedu","Mjob","Fjob","reason","guardian","traveltime","studytime","failures.por","schoolsup","famsup","paid.por","activities","nursery","higher","internet","romantic","famrel","freetime","goout","Dalc","Walc","health","absences.por","G1.por","G2.por","G3.por","id.por","failures.mat","paid.mat","absences.mat","G1.mat","G2.mat","G3.mat","id.mat","id","failures","paid","absences","G1","G2","G3","alc_use","high_use"
"GP","F",18,"U","GT3","A",4,4,"at_home","teacher","course","mother",2,2,0,"yes","no","no","no","yes","yes","no","no",4,3,4,1,1,3,4,0,11,11,1001,0,"no",6,5,6,6,2001,1501,0,"no",5,2,8,8,1,FALSE
"GP","F",17,"U","GT3","T",1,1,"at_home","other","course","father",1,2,0,"no","yes","no","no","no","yes","yes","no",5,3,3,1,1,3,2,9,11,11,1002,0,"no",4,5,5,6,2002,1502,0,"no",3,7,8,8,1,FALSE
"GP","F",15,"U","LE3","T",1,1,"at_home","other","other","mother",1,2,0,"yes","no","no","no","yes","yes","yes","no",4,3,2,2,3,3,6,12,13,12,1003,3,"yes",10,7,8,10,2003,1503,2,"no",8,10,10,11,2.5,TRUE
"GP","F",15,"U","GT3","T",4,2,"health","services","home","mother",1,3,0,"no","yes","no","yes","yes","yes","yes","yes",3,2,2,1,1,5,0,14,14,14,1004,0,"yes",2,15,14,15,2004,1504,0,"no",1,14,14,14,1,FALSE
"GP","F",16,"U","GT3","T",3,3,"other","other","home","father",1,2,0,"no","yes","no","no","yes","yes","no","no",4,3,2,1,2,5,0,11,13,13,1005,0,"yes",4,6,10,10,2005,1505,0,"no",2,8,12,12,1.5,FALSE
"GP","M",16,"U","LE3","T",4,3,"services","other","reputation","mother",1,2,0,"no","yes","no","yes","yes","yes","yes","no",5,4,2,1,2,5,6,12,12,13,1006,0,"yes",10,15,15,15,2006,1506,0,"no",8,14,14,14,1.5,FALSE
"GP","M",16,"U","LE3","T",2,2,"other","other","home","mother",1,2,0,"no","no","no","no","yes","yes","yes","no",4,4,4,1,1,3,0,13,12,13,1007,0,"no",0,12,12,11,2007,1507,0,"no",0,12,12,12,1,FALSE
"GP","F",17,"U","GT3","A",4,4,"other","teacher","home","mother",2,2,0,"yes","yes","no","no","yes","yes","no","no",4,1,4,1,1,1,2,10,13,13,1008,0,"no",6,6,5,6,2008,1508,0,"no",4,8,9,10,1,FALSE
"GP","M",15,"U","LE3","A",3,2,"services","other","home","mother",1,2,0,"no","yes","no","no","yes","yes","yes","no",4,2,2,1,1,1,0,15,16,17,1009,0,"yes",0,16,18,19,2009,1509,0,"no",0,16,17,18,1,FALSE
"GP","M",15,"U","GT3","T",3,4,"other","other","home","mother",1,2,0,"no","yes","no","yes","yes","yes","yes","no",5,5,1,1,1,5,0,12,12,13,1010,0,"yes",0,14,15,15,2010,1510,0,"no",0,13,14,14,1,FALSE
"GP","F",15,"U","GT3","T",4,4,"teacher","health","reputation","mother",1,2,0,"no","yes","no","no","yes","yes","yes","no",3,3,3,1,2,2,2,14,14,14,1011,0,"yes",0,10,8,9,2011,1511,0,"no",1,12,11,12,1.5,FALSE
"GP","F",15,"U","GT3","T",2,1,"services","other","reputation","father",3,3,0,"no","yes","no","yes","yes","yes","yes","no",5,2,2,1,1,4,0,10,12,13,1012,0,"no",4,10,12,12,2012,1512,0,"no",2,10,12,12,1,FALSE
"GP","M",15,"U","LE3","T",4,4,"health","services","course","father",1,1,0,"no","yes","no","yes","yes","yes","yes","no",4,3,3,1,3,5,0,12,13,12,1013,0,"yes",2,14,14,14,2013,1513,0,"no",1,13,14,13,2,FALSE
"GP","M",15,"U","GT3","T",4,3,"teacher","other","course","mother",2,2,0,"no","yes","no","no","yes","yes","yes","no",5,4,3,1,2,3,0,12,12,13,1014,0,"yes",2,10,10,11,2014,1514,0,"no",1,11,11,12,1.5,FALSE
"GP","M",15,"U","GT3","A",2,2,"other","other","home","other",1,3,0,"no","yes","no","no","yes","yes","yes","yes",4,5,2,1,1,3,0,14,14,15,1015,0,"no",0,14,16,16,2015,1515,0,"no",0,14,15,16,1,FALSE
"GP","F",16,"U","GT3","T",4,4,"health","other","home","mother",1,1,0,"no","yes","no","no","yes","yes","yes","no",4,4,4,1,2,2,6,17,17,17,1016,0,"no",4,14,14,14,2016,1516,0,"no",5,16,16,16,1.5,FALSE
"GP","F",16,"U","GT3","T",4,4,"services","services","reputation","mother",1,3,0,"no","yes","no","yes","yes","yes","yes","no",3,2,3,1,2,2,10,13,13,14,1017,0,"yes",6,13,14,14,2017,1517,0,"no",8,13,14,14,1.5,FALSE
"GP","F",16,"U","GT3","T",3,3,"other","other","reputation","mother",3,2,0,"yes","yes","no","yes","yes","yes","no","no",5,3,2,1,1,4,2,13,14,14,1018,0,"no",4,8,10,10,2018,1518,0,"no",3,10,12,12,1,FALSE
"GP","M",17,"U","GT3","T",3,2,"services","services","course","mother",1,1,3,"no","yes","yes","yes","yes","yes","yes","no",5,5,5,2,4,5,2,8,8,7,1019,3,"no",16,6,5,5,2019,1519,3,"yes",9,7,6,6,3,TRUE
"GP","M",16,"U","LE3","T",4,3,"health","other","home","father",1,1,0,"no","no","no","yes","yes","yes","yes","no",3,1,3,1,3,5,6,12,12,12,1020,0,"yes",4,8,10,10,2020,1520,0,"no",5,10,11,11,2,FALSE
"GP","M",15,"U","GT3","T",4,3,"teacher","other","reputation","mother",1,2,0,"no","no","no","no","yes","yes","yes","no",4,4,1,1,1,1,0,12,13,14,1021,0,"no",0,13,14,15,2021,1521,0,"no",0,12,14,14,1,FALSE
"GP","M",15,"U","GT3","T",4,4,"health","health","other","father",1,1,0,"no","yes","yes","no","yes","yes","yes","no",5,4,2,1,1,5,0,11,12,12,1022,0,"yes",0,12,15,15,2022,1522,0,"yes",0,12,14,14,1,FALSE
"GP","M",16,"U","LE3","T",4,2,"teacher","other","course","mother",1,2,0,"no","no","no","yes","yes","yes","yes","no",4,5,1,1,3,5,0,12,13,14,1023,0,"no",2,15,15,16,2023,1523,0,"no",1,14,14,15,2,FALSE
"GP","M",16,"U","LE3","T",2,2,"other","other","reputation","mother",2,2,0,"no","yes","no","yes","yes","yes","yes","no",5,4,4,2,4,5,2,10,10,10,1024,0,"no",0,13,13,12,2024,1524,0,"no",1,12,12,11,3,TRUE
"GP","F",15,"R","GT3","T",2,4,"services","health","course","mother",1,3,0,"yes","yes","no","yes","yes","yes","yes","no",4,3,2,1,1,5,2,10,11,10,1025,0,"yes",2,10,9,8,2025,1525,0,"no",2,10,10,9,1,FALSE
"GP","F",16,"U","GT3","T",2,2,"services","services","home","mother",1,1,0,"no","yes","no","no","no","yes","yes","no",1,2,2,1,3,5,6,10,11,12,1026,2,"yes",14,6,9,8,2026,1526,1,"no",10,8,10,10,2,FALSE
"GP","M",15,"U","GT3","T",2,2,"other","other","home","mother",1,1,0,"no","yes","no","no","yes","yes","yes","no",4,2,2,1,2,5,8,11,12,12,1027,0,"yes",2,12,12,11,2027,1527,0,"no",5,12,12,12,1.5,FALSE
"GP","M",15,"U","GT3","T",4,2,"health","services","other","mother",1,1,0,"no","no","no","no","yes","yes","yes","no",2,2,4,2,4,1,0,11,11,11,1028,0,"yes",4,15,16,15,2028,1528,0,"no",2,13,14,13,3,TRUE
"GP","M",16,"U","LE3","A",3,4,"services","other","home","mother",1,2,0,"yes","yes","yes","yes","yes","yes","yes","no",5,3,3,1,1,5,2,12,12,13,1029,0,"no",4,11,11,11,2029,1529,0,"yes",3,12,12,12,1,FALSE
"GP","M",16,"U","GT3","T",4,4,"teacher","teacher","home","mother",1,2,0,"no","yes","yes","yes","yes","yes","yes","yes",4,4,5,5,5,5,4,12,11,12,1030,0,"yes",16,10,12,11,2030,1530,0,"yes",10,11,12,12,5,TRUE
"GP","M",15,"U","GT3","T",4,4,"health","services","home","mother",1,2,0,"no","yes","yes","no","no","yes","yes","no",5,4,2,3,4,5,0,10,11,11,1031,0,"yes",0,9,11,12,2031,1531,0,"yes",0,10,11,12,3.5,TRUE
"GP","M",15,"U","GT3","T",4,4,"services","services","reputation","mother",2,2,0,"no","yes","no","yes","yes","yes","yes","no",4,3,1,1,1,5,2,15,15,15,1032,0,"no",0,17,16,17,2032,1532,0,"no",1,16,16,16,1,FALSE
"GP","M",15,"R","GT3","T",4,3,"teacher","at_home","course","mother",1,2,0,"no","yes","no","yes","yes","yes","yes","yes",4,5,2,1,1,5,0,13,14,15,1033,0,"no",0,17,16,16,2033,1533,0,"no",0,15,15,16,1,FALSE
"GP","M",15,"U","LE3","T",3,3,"other","other","course","mother",1,2,0,"no","no","no","yes","no","yes","yes","no",5,3,2,1,1,2,0,13,12,12,1034,0,"no",0,8,10,12,2034,1534,0,"no",0,10,11,12,1,FALSE
"GP","M",16,"U","GT3","T",3,2,"other","other","home","mother",1,1,0,"no","yes","no","no","no","yes","yes","no",5,4,3,1,1,5,4,12,12,12,1035,0,"yes",0,12,14,15,2035,1535,0,"no",2,12,13,14,1,FALSE
"GP","F",15,"U","GT3","T",2,3,"other","other","other","father",2,1,0,"no","yes","no","yes","yes","yes","no","no",3,5,1,1,1,5,4,11,11,11,1036,0,"no",0,8,7,6,2036,1536,0,"no",2,10,9,8,1,FALSE
"GP","M",15,"U","LE3","T",4,3,"teacher","services","home","mother",1,3,0,"no","yes","no","yes","yes","yes","yes","no",5,4,3,1,1,4,0,14,14,14,1037,0,"no",2,15,16,18,2037,1537,0,"no",1,14,15,16,1,FALSE
"GP","M",16,"R","GT3","A",4,4,"other","teacher","reputation","mother",2,3,0,"no","yes","no","yes","yes","yes","yes","yes",2,4,3,1,1,5,4,13,13,13,1038,0,"no",7,15,16,15,2038,1538,0,"no",6,14,14,14,1,FALSE
"GP","F",15,"R","GT3","T",3,4,"services","health","course","mother",1,3,0,"yes","yes","no","yes","yes","yes","yes","no",4,3,2,1,1,5,2,11,12,12,1039,0,"yes",2,12,12,11,2039,1539,0,"no",2,12,12,12,1,FALSE
"GP","F",15,"R","GT3","T",2,2,"at_home","other","reputation","mother",1,1,0,"yes","yes","no","yes","yes","yes","no","no",4,3,1,1,1,2,8,14,13,12,1040,0,"yes",8,14,13,13,2040,1540,0,"no",8,14,13,12,1,FALSE
"GP","F",16,"U","LE3","T",2,2,"other","other","home","mother",2,2,0,"no","yes","no","yes","no","yes","yes","yes",3,3,3,1,2,3,16,11,11,10,1041,1,"no",25,7,10,11,2041,1541,0,"no",20,9,10,10,1.5,FALSE
"GP","M",15,"U","LE3","T",4,4,"teacher","other","home","other",1,1,0,"no","yes","no","no","no","yes","yes","yes",5,4,3,2,4,5,8,10,11,11,1042,0,"no",8,12,12,12,2042,1542,0,"no",8,11,12,12,3,TRUE
"GP","M",15,"U","GT3","T",4,4,"services","teacher","course","father",1,2,0,"no","yes","no","yes","yes","yes","yes","no",4,3,3,1,1,5,0,14,15,15,1043,0,"no",2,19,18,18,2043,1543,0,"no",1,16,16,16,1,FALSE
"GP","M",15,"U","GT3","T",2,2,"services","services","course","father",1,1,0,"yes","yes","no","no","yes","yes","yes","no",5,4,1,1,1,1,0,9,10,10,1044,0,"no",0,8,8,11,2044,1544,0,"no",0,8,9,10,1,FALSE
"GP","F",16,"U","LE3","T",2,2,"other","at_home","course","father",2,2,1,"yes","no","no","yes","yes","yes","yes","no",4,3,3,2,2,5,14,10,11,11,1045,1,"no",14,10,10,9,2045,1545,1,"no",14,10,10,10,2,FALSE
"GP","F",15,"U","LE3","A",4,3,"other","other","course","mother",1,2,0,"yes","yes","yes","yes","yes","yes","yes","yes",5,2,2,1,1,5,4,10,11,11,1046,0,"yes",8,8,8,6,2046,1546,0,"yes",6,9,10,8,1,FALSE
"GP","F",16,"U","LE3","A",3,3,"other","services","home","mother",1,2,0,"no","yes","no","no","yes","yes","yes","no",2,3,5,1,4,3,6,13,12,13,1047,0,"no",12,11,12,11,2047,1547,0,"no",9,12,12,12,2.5,TRUE
"GP","M",16,"U","GT3","T",4,3,"health","services","reputation","mother",1,4,0,"no","no","no","yes","yes","yes","yes","no",4,2,2,1,1,2,2,17,17,17,1048,0,"no",4,19,19,20,2048,1548,0,"no",3,18,18,18,1,FALSE
"GP","M",15,"U","GT3","T",4,2,"teacher","other","home","mother",1,2,0,"no","yes","no","no","yes","yes","no","no",4,3,3,2,2,5,4,11,12,13,1049,0,"yes",2,15,15,14,2049,1549,0,"no",3,13,14,14,2,FALSE
"GP","F",15,"U","GT3","T",4,4,"services","teacher","other","father",1,2,0,"yes","yes","no","yes","no","yes","yes","no",4,4,4,1,1,3,2,13,12,12,1050,1,"no",2,7,7,7,2050,1550,0,"no",2,10,10,10,1,FALSE
"GP","F",16,"U","LE3","T",2,2,"services","services","course","mother",3,2,0,"no","yes","no","no","yes","yes","yes","no",4,3,3,2,3,4,0,14,13,13,1051,0,"yes",2,12,13,13,2051,1551,0,"no",1,13,13,13,2.5,TRUE
"GP","F",15,"U","LE3","T",4,2,"health","other","other","mother",1,2,0,"no","yes","no","no","yes","yes","yes","no",4,3,3,1,1,5,0,16,14,16,1052,0,"yes",2,11,13,13,2052,1552,0,"no",1,14,14,14,1,FALSE
"GP","M",15,"U","LE3","A",4,2,"health","health","other","father",2,1,0,"no","no","no","no","yes","yes","no","no",5,5,5,3,4,5,4,10,9,9,1053,1,"no",6,11,11,10,2053,1553,0,"no",5,10,10,10,3.5,TRUE
"GP","F",15,"U","GT3","T",4,4,"services","services","course","mother",1,1,0,"yes","yes","no","no","yes","yes","yes","no",3,3,4,2,3,5,0,13,12,12,1054,0,"yes",0,8,10,11,2054,1554,0,"no",0,10,11,12,2.5,TRUE
"GP","F",15,"U","LE3","A",3,3,"other","other","other","mother",1,1,0,"no","no","no","no","yes","yes","yes","no",5,3,4,4,4,1,0,13,12,13,1055,0,"yes",6,10,13,13,2055,1555,0,"no",3,12,12,13,4,TRUE
"GP","F",16,"U","GT3","A",2,1,"other","other","other","mother",1,2,0,"no","no","no","yes","yes","yes","yes","yes",5,3,4,1,1,2,2,12,13,12,1056,0,"yes",8,8,9,10,2056,1556,0,"no",5,10,11,11,1,FALSE
"GP","F",15,"U","GT3","A",4,3,"services","services","reputation","mother",1,2,0,"no","yes","no","yes","yes","yes","yes","no",4,3,2,1,1,1,0,15,14,15,1057,0,"yes",0,14,15,15,2057,1557,0,"no",0,14,14,15,1,FALSE
"GP","M",15,"U","GT3","T",4,4,"teacher","health","reputation","mother",1,2,0,"no","yes","no","yes","yes","yes","no","no",3,2,2,1,1,5,8,15,15,16,1058,0,"no",4,14,15,15,2058,1558,0,"no",6,14,15,16,1,FALSE
"GP","M",15,"U","LE3","T",1,2,"other","at_home","home","father",1,2,0,"yes","yes","no","yes","yes","yes","yes","no",4,3,2,1,1,5,0,14,13,14,1059,0,"no",2,9,10,9,2059,1559,0,"no",1,12,12,12,1,FALSE
"GP","F",16,"U","GT3","T",4,2,"services","other","course","mother",1,2,0,"no","yes","yes","no","yes","yes","yes","no",4,2,3,1,1,5,2,16,15,16,1060,0,"no",2,15,16,16,2060,1560,0,"yes",2,16,16,16,1,FALSE
"GP","F",16,"R","GT3","T",4,4,"health","teacher","other","mother",1,2,0,"no","yes","no","yes","yes","yes","no","no",2,4,4,2,3,4,0,17,16,16,1061,0,"no",6,10,11,11,2061,1561,0,"no",3,14,14,14,2.5,TRUE
"GP","F",16,"U","GT3","T",1,1,"services","services","course","father",4,1,0,"yes","yes","no","yes","no","yes","yes","yes",5,5,5,5,5,5,0,10,10,16,1062,0,"no",6,10,8,11,2062,1562,0,"no",3,10,9,14,5,TRUE
"GP","F",16,"U","LE3","T",1,2,"other","services","reputation","father",1,2,0,"yes","no","no","yes","yes","yes","yes","no",4,4,3,1,1,1,0,13,13,10,1063,0,"no",4,8,10,9,2063,1563,0,"no",2,10,12,10,1,FALSE
"GP","F",16,"U","GT3","T",4,3,"teacher","health","home","mother",1,3,0,"yes","yes","no","yes","yes","yes","yes","no",3,4,4,2,4,4,0,14,13,13,1064,0,"yes",2,10,9,9,2064,1564,0,"no",1,12,11,11,3,TRUE
"GP","F",15,"U","LE3","T",4,3,"services","services","reputation","father",1,2,0,"yes","no","no","yes","yes","yes","yes","yes",4,4,4,2,4,2,0,13,12,12,1065,0,"no",0,10,10,10,2065,1565,0,"no",0,12,11,11,3,TRUE
"GP","F",16,"U","LE3","T",4,3,"teacher","services","course","mother",3,2,0,"no","yes","no","yes","yes","yes","yes","no",5,4,3,1,2,1,2,16,15,16,1066,0,"no",2,16,15,15,2066,1566,0,"no",2,16,15,16,1.5,FALSE
"GP","M",15,"U","GT3","A",4,4,"other","services","reputation","mother",1,4,0,"no","yes","no","yes","no","yes","yes","yes",1,3,3,5,5,3,0,11,12,12,1067,0,"no",4,13,13,12,2067,1567,0,"no",2,12,12,12,5,TRUE
"GP","F",16,"U","GT3","T",3,1,"services","other","course","mother",1,4,0,"yes","yes","no","no","yes","yes","yes","no",4,3,3,1,2,5,0,10,9,10,1068,0,"yes",4,7,7,6,2068,1568,0,"no",2,8,8,8,1.5,FALSE
"GP","F",15,"R","LE3","T",2,2,"health","services","reputation","mother",2,2,0,"yes","yes","no","no","yes","yes","yes","no",4,1,3,1,3,4,0,11,10,11,1069,0,"yes",2,8,9,8,2069,1569,0,"no",1,10,10,10,2,FALSE
"GP","F",15,"R","LE3","T",3,1,"other","other","reputation","father",2,4,0,"no","yes","no","no","no","yes","yes","no",4,4,2,2,3,3,6,15,15,15,1070,0,"no",12,16,16,16,2070,1570,0,"no",9,16,16,16,2.5,TRUE
"GP","M",16,"U","GT3","T",3,1,"other","other","reputation","father",2,4,0,"no","yes","no","no","yes","yes","yes","no",4,3,2,1,1,5,2,13,11,11,1071,0,"yes",0,13,15,15,2071,1571,0,"no",1,13,13,13,1,FALSE
"GP","M",15,"U","GT3","T",4,2,"other","other","course","mother",1,4,0,"no","no","no","no","yes","yes","yes","no",3,3,3,1,1,3,0,11,9,10,1072,0,"no",0,10,10,10,2072,1572,0,"no",0,10,10,10,1,FALSE
"GP","F",15,"R","GT3","T",1,1,"other","other","reputation","mother",1,2,0,"yes","yes","no","no","no","yes","yes","yes",3,3,4,2,4,5,2,13,11,11,1073,2,"no",2,8,6,5,2073,1573,1,"no",2,10,8,8,3,TRUE
"GP","M",16,"U","GT3","T",3,1,"other","other","reputation","mother",1,1,0,"no","no","no","yes","yes","yes","no","no",5,3,2,2,2,5,0,13,13,14,1074,0,"no",2,12,12,14,2074,1574,0,"no",1,12,12,14,2,FALSE
"GP","F",16,"U","GT3","T",3,3,"other","services","home","mother",1,2,0,"yes","yes","no","yes","yes","yes","yes","no",4,3,3,2,4,5,4,11,11,11,1075,0,"yes",54,11,12,11,2075,1575,0,"no",29,11,12,11,3,TRUE
"GP","M",15,"U","GT3","T",4,3,"teacher","other","home","mother",1,2,0,"no","yes","no","yes","yes","yes","yes","no",4,3,3,2,3,5,0,11,11,11,1076,0,"yes",6,9,9,10,2076,1576,0,"no",3,10,10,10,2.5,TRUE
"GP","M",15,"U","GT3","T",4,0,"teacher","other","course","mother",2,4,0,"no","no","no","yes","yes","yes","yes","no",3,4,3,1,1,1,0,12,11,11,1077,0,"no",8,11,11,10,2077,1577,0,"no",4,12,11,10,1,FALSE
"GP","F",16,"U","GT3","T",2,2,"other","other","reputation","mother",1,4,0,"no","no","no","no","yes","yes","yes","yes",5,2,3,1,3,3,1,13,13,13,1078,0,"yes",0,11,11,11,2078,1578,0,"no",0,12,12,12,2,FALSE
"GP","M",17,"U","GT3","T",2,1,"other","other","home","mother",2,1,3,"yes","yes","no","yes","yes","no","yes","no",4,5,1,1,1,3,0,9,9,10,1079,3,"no",2,8,8,10,2079,1579,3,"no",1,8,8,10,1,FALSE
"GP","F",16,"U","GT3","T",3,4,"at_home","other","course","mother",1,2,0,"no","yes","no","no","yes","yes","yes","no",2,4,3,1,2,3,14,12,11,11,1080,0,"no",12,5,5,5,2080,1580,0,"no",13,8,8,8,1.5,FALSE
"GP","M",15,"U","GT3","T",2,3,"other","services","course","father",1,1,0,"yes","yes","no","yes","no","yes","yes","yes",3,2,2,1,3,3,0,11,11,12,1081,0,"yes",2,10,12,12,2081,1581,0,"no",1,10,12,12,2,FALSE
"GP","M",15,"U","GT3","T",2,3,"other","other","home","mother",1,3,0,"yes","no","no","no","no","yes","yes","no",5,3,2,1,2,5,2,10,9,9,1082,0,"yes",4,11,10,11,2082,1582,0,"no",3,10,10,10,1.5,FALSE
"GP","F",15,"U","LE3","T",3,2,"services","other","reputation","mother",1,2,0,"no","yes","no","no","yes","yes","yes","no",4,4,4,1,1,5,4,12,11,11,1083,0,"yes",10,7,6,6,2083,1583,0,"no",7,10,8,8,1,FALSE
"GP","M",15,"U","LE3","T",2,2,"services","services","home","mother",2,2,0,"no","no","yes","yes","yes","yes","yes","no",5,3,3,1,3,4,2,13,12,13,1084,0,"yes",4,15,15,15,2084,1584,0,"yes",3,14,14,14,2,FALSE
"GP","F",15,"U","GT3","T",1,1,"other","other","home","father",1,2,0,"no","yes","no","yes","no","yes","yes","no",4,3,2,2,3,4,2,13,12,12,1085,0,"no",2,9,10,10,2085,1585,0,"no",2,11,11,11,2.5,TRUE
"GP","F",15,"U","GT3","T",4,4,"services","services","reputation","father",2,2,0,"no","no","no","no","yes","yes","yes","yes",4,4,4,2,3,5,4,12,11,12,1086,2,"yes",6,7,9,8,2086,1586,1,"no",5,10,10,10,2.5,TRUE
"GP","F",16,"U","LE3","T",2,2,"at_home","other","course","mother",1,2,0,"no","yes","no","no","yes","yes","no","no",4,3,4,1,2,2,6,13,11,11,1087,0,"no",4,8,7,6,2087,1587,0,"no",5,10,9,8,1.5,FALSE
"GP","F",15,"U","GT3","T",4,2,"other","other","reputation","mother",1,3,0,"no","yes","no","yes","yes","yes","yes","no",5,3,3,1,3,1,4,15,15,15,1088,0,"no",4,13,14,14,2088,1588,0,"no",4,14,14,14,2,FALSE
"GP","M",16,"U","GT3","T",2,2,"services","other","reputation","father",2,2,0,"no","no","no","yes","no","yes","yes","no",4,4,2,1,1,3,6,12,10,11,1089,1,"yes",12,11,10,10,2089,1589,0,"no",9,12,10,10,1,FALSE
"GP","M",16,"U","LE3","A",4,4,"teacher","health","reputation","mother",1,2,0,"no","yes","no","no","yes","yes","no","no",4,1,3,3,5,5,6,9,9,10,1090,0,"no",18,8,6,7,2090,1590,0,"no",12,8,8,8,4,TRUE
"GP","F",16,"U","GT3","T",3,3,"other","other","home","mother",1,3,0,"no","yes","no","no","yes","yes","yes","yes",4,3,3,1,3,4,2,9,11,11,1091,0,"yes",0,7,7,8,2091,1591,0,"no",1,8,9,10,2,FALSE
"GP","F",15,"U","GT3","T",4,3,"services","other","reputation","mother",1,1,0,"no","no","no","yes","yes","yes","yes","no",4,5,5,1,3,1,6,14,13,13,1092,0,"yes",4,16,17,18,2092,1592,0,"no",5,15,15,16,2,FALSE
"GP","F",16,"U","LE3","T",3,1,"other","other","home","father",1,2,0,"yes","yes","no","no","yes","yes","no","no",3,3,3,2,3,2,0,12,13,12,1093,0,"no",4,7,6,6,2093,1593,0,"no",2,10,10,9,2.5,TRUE
"GP","F",16,"U","GT3","T",4,2,"teacher","services","home","mother",2,2,0,"no","yes","no","yes","yes","yes","yes","no",5,3,3,1,1,1,2,13,14,14,1094,0,"yes",0,11,10,10,2094,1594,0,"no",1,12,12,12,1,FALSE
"GP","M",15,"U","LE3","T",2,2,"services","health","reputation","mother",1,4,0,"no","yes","no","yes","yes","yes","yes","no",4,3,4,1,1,4,2,11,12,12,1095,0,"no",6,11,13,14,2095,1595,0,"no",4,11,12,13,1,FALSE
"GP","F",15,"R","GT3","T",1,1,"at_home","other","home","mother",2,4,0,"yes","yes","yes","yes","yes","yes","yes","no",3,1,2,1,1,1,4,13,13,13,1096,1,"yes",2,7,10,10,2096,1596,0,"yes",3,10,12,12,1,FALSE
"GP","M",16,"R","GT3","T",4,3,"services","other","reputation","mother",2,1,0,"yes","yes","yes","yes","no","yes","yes","no",3,3,3,1,1,4,6,9,11,11,1097,0,"no",2,11,15,15,2097,1597,0,"yes",4,10,13,13,1,FALSE
"GP","F",16,"U","GT3","T",2,1,"other","other","course","mother",1,2,0,"no","yes","no","no","yes","yes","no","yes",4,3,5,1,1,5,0,13,12,12,1098,0,"yes",2,8,9,10,2098,1598,0,"no",1,10,10,11,1,FALSE
"GP","F",16,"U","GT3","T",4,4,"other","other","reputation","mother",1,1,0,"no","no","no","yes","no","yes","yes","no",5,3,4,1,2,1,4,12,13,13,1099,0,"no",6,11,14,14,2099,1599,0,"no",5,12,14,14,1.5,FALSE
"GP","F",16,"U","GT3","T",4,3,"other","at_home","course","mother",1,3,0,"yes","yes","no","no","yes","yes","yes","no",5,3,5,1,1,3,2,12,13,13,1100,0,"yes",0,7,9,8,2100,1600,0,"no",1,10,11,10,1,FALSE
"GP","M",16,"U","GT3","T",4,4,"services","services","other","mother",1,1,0,"yes","yes","no","yes","yes","yes","yes","no",4,5,5,5,5,4,12,9,9,8,1101,0,"yes",14,7,7,5,2101,1601,0,"no",13,8,8,6,5,TRUE
"GP","M",16,"U","GT3","T",4,4,"services","teacher","other","father",1,3,0,"no","yes","no","yes","yes","yes","yes","yes",4,4,3,1,1,4,0,16,16,16,1102,0,"no",0,16,17,17,2102,1602,0,"no",0,16,16,16,1,FALSE
"GP","M",15,"U","GT3","T",4,4,"services","other","course","mother",1,1,0,"no","yes","yes","yes","no","yes","yes","no",5,3,3,1,1,5,2,12,13,12,1103,0,"no",4,10,13,14,2103,1603,0,"yes",3,11,13,13,1,FALSE
"GP","F",15,"U","GT3","T",3,2,"services","other","home","mother",2,2,0,"yes","yes","no","no","yes","yes","yes","no",4,3,5,1,1,2,16,11,10,10,1104,0,"yes",26,7,6,6,2104,1604,0,"no",21,9,8,8,1,FALSE
"GP","M",15,"U","GT3","A",3,4,"services","other","course","mother",1,2,0,"no","yes","no","yes","yes","yes","yes","no",5,4,4,1,1,1,0,16,16,16,1105,0,"yes",0,16,18,18,2105,1605,0,"no",0,16,17,17,1,FALSE
"GP","F",15,"U","GT3","A",3,3,"other","health","reputation","father",1,4,0,"yes","no","no","no","yes","yes","no","no",4,3,3,1,1,4,10,10,10,10,1106,0,"no",10,10,11,11,2106,1606,0,"no",10,10,10,10,1,FALSE
"GP","F",15,"U","GT3","T",2,2,"other","other","course","mother",1,4,0,"yes","yes","no","no","yes","yes","yes","no",5,1,2,1,1,3,4,10,10,10,1107,0,"yes",8,7,8,8,2107,1607,0,"no",6,8,9,9,1,FALSE
"GP","M",16,"U","GT3","T",3,3,"services","other","home","father",1,3,0,"no","yes","no","yes","yes","yes","yes","no",5,3,3,1,1,5,4,13,14,14,1108,0,"no",2,16,18,18,2108,1608,0,"no",3,14,16,16,1,FALSE
"GP","M",15,"R","GT3","T",4,4,"other","other","home","father",4,4,0,"no","yes","no","yes","yes","yes","yes","yes",1,3,5,3,5,1,8,12,10,11,1109,0,"yes",6,10,13,13,2109,1609,0,"no",7,11,12,12,4,TRUE
"GP","F",16,"U","LE3","T",4,4,"health","health","other","mother",1,3,0,"no","yes","no","yes","yes","yes","yes","yes",5,4,5,1,1,4,2,15,15,14,1110,0,"yes",4,14,15,16,2110,1610,0,"no",3,14,15,15,1,FALSE
"GP","M",15,"U","LE3","A",4,4,"teacher","teacher","course","mother",1,1,0,"no","no","no","yes","yes","yes","yes","no",5,5,3,1,1,4,4,13,14,14,1111,0,"no",6,18,19,19,2111,1611,0,"no",5,16,16,16,1,FALSE
"GP","F",16,"R","GT3","T",3,3,"services","other","reputation","father",1,3,0,"yes","yes","no","yes","yes","yes","yes","no",4,1,2,1,1,2,4,11,11,11,1112,1,"no",0,7,10,10,2112,1612,0,"no",2,9,10,10,1,FALSE
"GP","F",16,"U","GT3","T",2,2,"at_home","other","home","mother",1,2,1,"yes","no","no","yes","yes","yes","yes","no",3,1,2,1,1,5,12,8,10,10,1113,1,"no",6,10,13,13,2113,1613,1,"no",9,9,12,12,1,FALSE
"GP","M",15,"U","LE3","T",4,2,"teacher","other","course","mother",1,1,0,"no","no","no","no","yes","yes","yes","no",3,5,2,1,1,3,10,18,17,18,1114,0,"no",10,18,19,19,2114,1614,0,"no",10,18,18,18,1,FALSE
"GP","M",15,"R","GT3","T",2,1,"health","services","reputation","mother",1,2,0,"no","no","no","yes","yes","yes","yes","yes",5,4,2,1,1,5,4,10,9,10,1115,0,"no",8,9,9,9,2115,1615,0,"no",6,10,9,10,1,FALSE
"GP","M",16,"U","GT3","T",4,4,"teacher","teacher","course","father",1,2,0,"no","yes","no","yes","yes","yes","yes","no",5,4,4,1,2,5,6,16,14,14,1116,0,"no",2,15,15,16,2116,1616,0,"no",4,16,14,15,1.5,FALSE
"GP","M",15,"U","GT3","T",4,4,"other","teacher","reputation","father",2,2,0,"no","yes","no","yes","yes","yes","no","no",4,4,3,1,1,2,4,16,15,16,1117,0,"no",2,11,13,14,2117,1617,0,"no",3,14,14,15,1,FALSE
"GP","M",16,"U","GT3","T",3,3,"other","services","home","father",2,1,0,"no","no","no","yes","yes","yes","yes","no",5,4,2,1,1,5,6,14,14,15,1118,0,"no",0,13,14,13,2118,1618,0,"no",3,14,14,14,1,FALSE
"GP","M",17,"R","GT3","T",1,3,"other","other","course","father",3,2,1,"no","yes","no","yes","yes","yes","yes","no",5,2,4,1,4,5,14,12,11,11,1119,1,"no",20,9,7,8,2119,1619,1,"no",17,10,9,10,2.5,TRUE
"GP","M",15,"U","GT3","T",3,4,"other","other","reputation","father",1,1,0,"no","no","no","no","yes","yes","yes","no",3,4,3,1,2,4,2,14,13,14,1120,0,"no",6,14,13,13,2120,1620,0,"no",4,14,13,14,1.5,FALSE
"GP","F",15,"U","GT3","T",1,2,"at_home","services","course","mother",1,2,0,"no","no","no","no","no","yes","yes","no",3,2,3,1,2,1,0,14,14,14,1121,0,"no",2,16,15,15,2121,1621,0,"no",1,15,14,14,1.5,FALSE
"GP","M",15,"U","GT3","T",2,2,"services","services","home","father",1,4,0,"no","yes","no","yes","yes","yes","yes","no",5,5,4,1,2,5,6,14,13,13,1122,0,"yes",6,16,14,15,2122,1622,0,"no",6,15,14,14,1.5,FALSE
"GP","F",16,"U","LE3","T",2,4,"other","health","course","father",2,2,0,"no","yes","no","yes","yes","yes","yes","yes",4,2,2,1,2,5,2,14,12,13,1123,0,"yes",2,13,13,13,2123,1623,0,"no",2,14,12,13,1.5,FALSE
"GP","M",16,"U","GT3","T",4,4,"health","other","course","mother",1,1,0,"no","yes","no","yes","yes","yes","yes","no",3,4,4,1,4,5,4,12,13,13,1124,0,"no",18,14,11,13,2124,1624,0,"no",11,13,12,13,2.5,TRUE
"GP","F",16,"U","GT3","T",2,2,"other","other","home","mother",1,2,0,"no","no","no","no","yes","yes","yes","yes",5,4,4,1,1,5,0,12,11,11,1125,0,"yes",0,8,7,8,2125,1625,0,"no",0,10,9,10,1,FALSE
"GP","M",15,"U","GT3","T",3,4,"services","services","home","father",1,1,0,"yes","no","no","no","yes","yes","yes","no",5,5,5,3,2,5,2,9,9,9,1126,0,"no",0,13,13,12,2126,1626,0,"no",1,11,11,10,2.5,TRUE
"GP","F",15,"U","LE3","A",3,4,"other","other","home","mother",1,2,0,"yes","no","no","yes","yes","yes","yes","yes",5,3,2,1,1,1,0,10,11,11,1127,0,"no",0,7,10,11,2127,1627,0,"no",0,8,10,11,1,FALSE
"GP","F",19,"U","GT3","T",0,1,"at_home","other","course","other",1,2,2,"no","yes","no","no","no","no","no","no",3,4,2,1,1,5,0,9,10,11,1128,3,"no",2,7,8,9,2128,1628,2,"no",1,8,9,10,1,FALSE
"GP","M",16,"R","GT3","T",4,4,"teacher","teacher","course","mother",1,1,0,"no","no","no","yes","yes","yes","yes","no",3,5,5,2,5,4,8,14,14,15,1129,0,"yes",8,18,18,18,2130,1630,0,"no",8,16,16,16,3.5,TRUE
"GP","F",15,"R","GT3","T",3,4,"services","teacher","course","father",2,3,0,"no","yes","no","no","yes","yes","yes","yes",4,2,2,2,2,5,0,10,11,12,1131,2,"no",0,12,0,0,2131,1631,1,"no",0,11,6,6,2,FALSE
"GP","F",15,"U","GT3","T",1,1,"at_home","other","course","mother",3,1,0,"no","yes","no","yes","no","yes","yes","yes",4,3,3,1,2,4,6,11,12,13,1134,0,"no",0,8,0,0,2132,1633,0,"no",3,10,6,6,1.5,FALSE
"GP","F",17,"U","LE3","T",2,2,"other","other","course","father",1,1,0,"no","yes","no","no","yes","yes","yes","yes",3,4,4,1,3,5,2,13,12,12,1135,0,"no",12,10,13,12,2133,1634,0,"no",7,12,12,12,2,FALSE
"GP","F",16,"U","GT3","A",3,4,"services","other","course","father",1,1,0,"no","no","no","no","yes","yes","yes","no",3,2,1,1,4,5,12,15,13,14,1136,0,"no",16,12,11,11,2134,1635,0,"no",14,14,12,12,2.5,TRUE
"GP","M",15,"R","GT3","T",3,4,"at_home","teacher","course","mother",4,2,0,"no","yes","no","no","yes","yes","no","yes",5,3,3,1,1,5,2,12,11,11,1139,0,"no",0,9,0,0,2135,1637,0,"no",1,10,6,6,1,FALSE
"GP","F",15,"U","GT3","T",4,4,"services","at_home","course","mother",1,3,0,"no","yes","no","yes","yes","yes","yes","yes",4,3,3,1,1,5,4,13,14,15,1140,0,"no",0,11,0,0,2136,1638,0,"no",2,12,7,8,1,FALSE
"GP","M",17,"R","GT3","T",3,4,"at_home","other","course","mother",3,2,0,"no","no","no","no","yes","yes","no","no",5,4,5,2,4,5,2,10,9,10,1141,0,"no",0,10,0,0,2137,1639,0,"no",1,10,4,5,3,TRUE
"GP","F",16,"U","GT3","A",3,3,"other","other","course","other",2,1,0,"no","yes","no","yes","no","yes","yes","yes",4,3,2,1,1,5,4,9,9,10,1146,2,"no",0,4,0,0,2138,1642,1,"no",2,6,4,5,1,FALSE
"GP","M",16,"U","LE3","T",1,1,"services","other","course","mother",1,2,2,"no","no","no","no","yes","yes","no","yes",4,4,4,1,3,5,0,10,10,10,1147,1,"no",0,14,12,12,2139,1643,2,"no",0,12,11,11,2,FALSE
"GP","F",15,"U","GT3","T",4,4,"teacher","teacher","course","mother",2,1,0,"no","no","no","yes","yes","yes","yes","no",4,3,2,1,1,5,6,13,14,14,1148,0,"no",0,16,16,15,2140,1644,0,"no",3,14,15,14,1,FALSE
"GP","M",15,"U","GT3","T",4,3,"teacher","services","course","father",2,4,0,"yes","yes","no","no","yes","yes","yes","no",2,2,2,1,1,3,6,9,11,11,1150,0,"no",0,7,9,0,2141,1646,0,"no",3,8,10,6,1,FALSE
"GP","M",16,"U","LE3","T",2,2,"services","services","reputation","father",2,1,0,"no","yes","no","yes","yes","yes","yes","no",2,3,3,2,2,2,4,12,11,11,1153,2,"no",8,9,9,9,2142,1648,1,"no",6,10,10,10,2,FALSE
"GP","F",15,"U","GT3","T",4,4,"teacher","services","course","mother",1,3,0,"no","yes","no","yes","yes","yes","yes","no",4,2,2,1,1,5,2,13,13,13,1154,0,"yes",2,9,11,11,2143,1648,0,"no",2,11,12,12,1,FALSE
"GP","F",16,"U","LE3","T",1,1,"at_home","at_home","course","mother",1,1,0,"no","no","no","no","yes","yes","yes","no",3,4,4,3,3,1,4,10,11,11,1155,0,"no",2,14,14,13,2144,1650,0,"no",3,12,12,12,3,TRUE
"GP","M",17,"U","GT3","T",2,1,"other","other","home","mother",1,1,0,"no","yes","no","no","yes","yes","yes","no",5,4,5,1,2,5,22,9,7,6,1156,3,"no",0,5,0,0,2145,1650,2,"no",11,7,4,3,1.5,FALSE
"GP","F",15,"U","GT3","T",1,1,"other","services","course","father",1,2,0,"no","yes","no","no","yes","yes","yes","no",4,4,2,1,2,5,0,12,12,12,1157,0,"yes",0,8,11,11,2146,1652,0,"no",0,10,12,12,1.5,FALSE
"GP","F",15,"U","GT3","T",3,2,"health","services","home","father",1,2,1,"no","yes","no","no","yes","yes","yes","no",3,3,2,1,1,3,2,11,11,11,1159,3,"no",0,6,7,0,2147,1653,2,"no",1,8,9,6,1,FALSE
"GP","F",15,"U","GT3","T",1,2,"at_home","other","course","mother",1,2,0,"no","yes","no","no","no","yes","yes","no",4,3,2,1,1,5,6,13,12,13,1160,0,"yes",2,10,11,11,2148,1654,0,"no",4,12,12,12,1,FALSE
"GP","M",16,"U","GT3","T",4,4,"teacher","teacher","course","mother",1,1,0,"no","yes","no","no","yes","no","yes","yes",3,3,2,2,1,5,16,9,9,8,1162,0,"no",0,7,6,0,2149,1656,0,"no",8,8,8,4,1.5,FALSE
"GP","M",15,"U","LE3","A",2,1,"services","other","course","mother",4,1,0,"no","no","no","no","yes","yes","yes","no",4,5,5,2,5,5,0,12,11,11,1163,3,"no",0,8,9,10,2150,1656,2,"no",0,10,10,10,3.5,TRUE
"GP","M",18,"U","LE3","T",1,1,"other","other","course","mother",1,1,2,"no","no","no","no","yes","no","yes","yes",2,3,5,2,5,4,0,11,9,0,1164,3,"no",0,6,5,0,2151,1658,2,"no",0,8,7,0,3.5,TRUE
"GP","M",16,"U","LE3","T",2,1,"at_home","other","course","mother",1,1,1,"no","no","no","yes","yes","yes","no","yes",4,4,4,3,5,5,6,9,10,10,1165,1,"no",6,12,13,14,2152,1658,1,"no",6,10,12,12,4,TRUE
"GP","F",15,"R","GT3","T",3,3,"services","services","reputation","other",2,3,0,"no","yes","yes","yes","yes","yes","yes","yes",4,2,1,2,3,3,2,13,13,13,1166,2,"yes",8,10,10,10,2153,1660,1,"yes",5,12,12,12,2.5,TRUE
"GP","M",19,"U","GT3","T",3,2,"services","at_home","home","mother",1,1,0,"no","yes","no","no","yes","no","yes","yes",4,5,4,1,1,4,6,11,9,11,1167,3,"no",0,5,0,0,2154,1660,2,"no",3,8,4,6,1,FALSE
"GP","F",17,"U","GT3","T",4,4,"other","teacher","course","mother",1,1,0,"yes","yes","no","no","yes","yes","no","yes",4,2,1,1,1,4,0,13,13,13,1168,0,"no",0,11,11,12,2155,1662,0,"no",0,12,12,12,1,FALSE
"GP","M",15,"R","GT3","T",2,3,"at_home","services","course","mother",1,2,0,"yes","no","yes","yes","yes","yes","no","no",4,4,4,1,1,1,0,7,8,8,1169,0,"yes",2,11,8,8,2156,1662,0,"yes",1,9,8,8,1,FALSE
"GP","M",17,"R","LE3","T",1,2,"other","other","reputation","mother",1,1,3,"no","no","no","no","yes","yes","no","no",2,2,2,3,3,5,14,9,8,10,1170,0,"no",8,16,12,13,2157,1664,2,"no",11,12,10,12,3,TRUE
"GP","F",18,"R","GT3","T",1,1,"at_home","other","course","mother",3,1,3,"no","yes","no","yes","no","yes","no","no",5,2,5,1,5,4,6,11,10,11,1171,3,"no",6,9,8,10,2158,1664,3,"no",6,10,9,10,3,TRUE
"GP","M",16,"R","GT3","T",2,2,"at_home","other","course","mother",3,1,0,"no","no","no","no","no","yes","no","no",4,2,2,1,2,3,4,12,10,11,1172,0,"no",2,17,15,15,2159,1666,0,"no",3,14,12,13,1.5,FALSE
"GP","M",16,"U","GT3","T",3,3,"other","services","course","father",1,2,1,"no","yes","no","no","yes","yes","yes","yes",4,5,5,4,4,5,0,10,10,1,1173,1,"yes",4,10,12,12,2160,1666,1,"no",2,10,11,6,4,TRUE
"GP","M",17,"R","LE3","T",2,1,"at_home","other","course","mother",2,1,1,"no","no","yes","yes","yes","no","yes","yes",3,3,2,2,2,5,8,8,8,9,1175,2,"no",0,7,6,0,2161,1668,2,"yes",4,8,7,4,2,FALSE
"GP","M",17,"R","LE3","T",1,1,"other","services","course","mother",4,2,0,"no","no","no","yes","yes","no","no","yes",5,3,5,1,5,5,0,8,8,8,1179,3,"no",0,5,8,7,2165,1672,2,"no",0,6,8,8,3,TRUE
"GP","M",16,"U","GT3","T",2,2,"other","other","course","father",1,2,0,"no","no","no","no","yes","no","yes","no",4,3,5,2,4,4,0,9,10,11,1181,0,"no",4,10,10,10,2167,1674,0,"no",2,10,10,10,3,TRUE
"GP","F",16,"U","GT3","T",4,2,"health","services","home","father",1,2,0,"no","no","no","no","yes","yes","yes","yes",4,2,3,1,1,3,0,17,17,18,1182,0,"yes",0,14,15,16,2168,1675,0,"no",0,16,16,17,1,FALSE
"GP","F",16,"U","GT3","T",2,2,"other","other","home","mother",1,2,0,"no","yes","no","no","no","yes","yes","no",5,1,5,1,1,4,0,12,12,13,1183,0,"yes",0,6,7,0,2169,1676,0,"no",0,9,10,6,1,FALSE
"GP","F",16,"U","GT3","T",4,4,"health","health","reputation","mother",1,2,0,"no","yes","no","no","yes","yes","yes","yes",4,4,2,1,1,3,0,16,16,17,1184,0,"yes",0,14,14,14,2170,1677,0,"no",0,15,15,16,1,FALSE
"GP","M",16,"U","GT3","T",3,4,"other","other","course","father",3,1,1,"no","yes","no","yes","no","yes","yes","no",3,4,5,2,4,2,4,9,9,10,1185,2,"no",0,6,5,0,2171,1678,2,"no",2,8,7,5,3,TRUE
"GP","M",16,"U","GT3","T",1,0,"other","other","reputation","mother",2,2,0,"no","yes","no","yes","yes","yes","yes","yes",4,3,2,1,1,3,0,16,17,18,1186,0,"yes",2,13,15,16,2172,1679,0,"no",1,14,16,17,1,FALSE
"GP","M",17,"U","LE3","T",4,4,"teacher","other","reputation","mother",1,2,0,"no","yes","no","yes","yes","yes","yes","no",4,4,4,1,3,5,0,11,9,10,1187,0,"yes",0,13,11,10,2173,1680,0,"no",0,12,10,10,2,FALSE
"GP","F",16,"U","GT3","T",1,3,"at_home","services","home","mother",1,2,0,"no","no","no","yes","no","yes","yes","yes",4,3,5,1,1,3,0,14,13,13,1188,3,"no",0,8,7,0,2174,1681,2,"no",0,11,10,6,1,FALSE
"GP","F",16,"U","LE3","T",3,3,"other","other","reputation","mother",2,2,0,"no","yes","no","yes","yes","yes","yes","no",4,4,5,1,1,4,0,14,14,15,1189,0,"yes",4,10,11,9,2175,1682,0,"no",2,12,12,12,1,FALSE
"GP","M",17,"U","LE3","T",4,3,"teacher","other","course","mother",2,2,0,"no","no","no","yes","yes","yes","yes","no",4,4,4,4,4,4,0,10,11,11,1190,0,"yes",4,10,9,9,2176,1683,0,"no",2,10,10,10,4,TRUE
"GP","F",16,"U","GT3","T",2,2,"services","other","reputation","mother",2,2,0,"no","no","no","yes","no","yes","yes","no",3,4,4,1,4,5,0,13,12,14,1191,0,"yes",2,13,13,11,2177,1684,0,"no",1,13,12,12,2.5,TRUE
"GP","M",17,"U","GT3","T",3,3,"other","other","reputation","father",1,2,0,"no","no","no","yes","no","yes","yes","no",4,3,4,1,4,4,4,11,9,10,1192,0,"no",4,6,5,6,2178,1685,0,"no",4,8,7,8,2.5,TRUE
"GP","M",16,"R","GT3","T",4,2,"teacher","services","other","mother",1,1,0,"no","yes","no","yes","yes","yes","yes","yes",4,3,3,3,4,3,8,10,9,11,1193,0,"no",10,10,8,9,2179,1686,0,"no",9,10,8,10,3.5,TRUE
"GP","M",17,"U","GT3","T",4,3,"other","other","course","mother",1,2,0,"no","yes","yes","yes","yes","yes","yes","yes",5,2,3,1,1,2,4,11,11,13,1194,0,"no",4,10,10,11,2180,1687,0,"yes",4,10,10,12,1,FALSE
"GP","M",16,"U","GT3","T",4,3,"teacher","other","home","mother",1,2,0,"no","yes","yes","yes","yes","yes","yes","no",3,4,3,2,3,3,4,11,10,11,1195,0,"yes",10,9,8,8,2181,1688,0,"yes",7,10,9,10,2.5,TRUE
"GP","M",16,"U","GT3","T",3,3,"services","other","home","mother",1,2,0,"no","no","no","yes","yes","yes","yes","yes",4,2,3,1,2,3,0,11,12,13,1196,0,"yes",2,12,13,12,2182,1689,0,"no",1,12,12,12,1.5,FALSE
"GP","F",17,"U","GT3","T",2,4,"services","services","reputation","father",1,2,0,"no","yes","no","yes","yes","yes","no","no",5,4,2,2,3,5,0,17,18,17,1197,0,"no",0,16,17,17,2183,1690,0,"no",0,16,18,17,2.5,TRUE
"GP","F",17,"U","LE3","T",3,3,"other","other","reputation","mother",1,2,0,"no","yes","no","yes","yes","yes","yes","yes",5,3,3,2,3,1,32,14,13,14,1198,0,"no",56,9,9,8,2184,1691,0,"no",44,12,11,11,2.5,TRUE
"GP","F",16,"U","GT3","T",3,2,"other","other","reputation","mother",1,2,0,"no","yes","no","no","yes","yes","yes","no",1,2,2,1,2,1,8,14,15,16,1199,0,"yes",14,12,13,12,2185,1692,0,"no",11,13,14,14,1.5,FALSE
"GP","M",17,"U","GT3","T",3,3,"services","services","other","mother",1,2,0,"no","yes","no","yes","yes","yes","yes","yes",4,3,4,2,3,4,6,11,13,14,1200,0,"no",12,12,12,11,2186,1693,0,"no",9,12,12,12,2.5,TRUE
"GP","M",16,"U","GT3","T",1,2,"services","services","other","mother",1,1,0,"no","yes","no","yes","yes","yes","yes","yes",3,3,3,1,2,3,0,10,9,11,1201,0,"yes",2,11,12,11,2187,1694,0,"no",1,10,10,11,1.5,FALSE
"GP","M",16,"U","LE3","T",2,1,"other","other","course","mother",1,2,0,"no","no","no","yes","yes","yes","yes","yes",4,2,3,1,2,5,0,13,14,16,1202,0,"yes",0,15,15,15,2188,1695,0,"no",0,14,14,16,1.5,FALSE
"GP","F",17,"U","GT3","A",3,3,"health","other","reputation","mother",1,2,0,"no","yes","no","no","no","yes","yes","yes",3,3,3,1,3,3,10,12,13,14,1203,0,"no",6,8,7,9,2189,1696,0,"no",8,10,10,12,2,FALSE
"GP","M",17,"R","GT3","T",1,2,"at_home","other","home","mother",1,2,0,"no","no","no","no","yes","yes","no","no",3,1,3,1,5,3,6,9,9,10,1204,0,"no",4,8,9,10,2190,1697,0,"no",5,8,9,10,3,TRUE
"GP","F",16,"U","GT3","T",2,3,"services","services","course","mother",1,2,0,"no","no","no","no","yes","yes","yes","no",4,3,3,1,1,2,6,12,12,13,1205,0,"no",10,11,12,13,2191,1698,0,"no",8,12,12,13,1,FALSE
"GP","F",17,"U","GT3","T",1,1,"at_home","services","course","mother",1,2,0,"no","no","no","yes","yes","yes","yes","no",5,3,3,1,1,3,0,12,11,12,1206,0,"no",0,8,8,9,2192,1699,0,"no",0,10,10,10,1,FALSE
"GP","M",17,"U","GT3","T",1,2,"at_home","services","other","other",2,2,0,"no","no","no","yes","no","yes","yes","no",4,4,4,4,5,5,16,10,11,12,1207,0,"yes",12,7,8,8,2193,1700,0,"no",14,8,10,10,4.5,TRUE
"GP","M",16,"R","GT3","T",3,3,"services","services","reputation","mother",1,1,0,"no","yes","no","yes","yes","yes","yes","no",4,3,2,3,4,5,0,11,10,10,1208,0,"no",8,8,9,10,2194,1701,0,"no",4,10,10,10,3.5,TRUE
"GP","M",16,"U","GT3","T",2,3,"other","other","home","father",2,1,0,"no","no","no","no","yes","yes","yes","no",5,3,3,1,1,3,0,13,12,12,1209,0,"no",0,13,14,14,2195,1702,0,"no",0,13,13,13,1,FALSE
"GP","F",17,"U","LE3","T",2,4,"services","services","course","father",1,2,0,"no","no","no","yes","yes","yes","yes","yes",4,3,2,1,1,5,8,14,15,16,1210,0,"no",0,14,15,15,2196,1703,0,"no",4,14,15,16,1,FALSE
"GP","M",17,"U","GT3","T",4,4,"services","teacher","home","mother",1,1,0,"no","no","no","no","yes","yes","yes","no",5,2,3,1,2,5,4,13,13,14,1211,0,"no",4,17,15,16,2197,1704,0,"no",4,15,14,15,1.5,FALSE
"GP","M",16,"R","LE3","T",3,3,"teacher","other","home","father",3,1,0,"no","yes","no","yes","yes","yes","yes","no",3,3,4,3,5,3,16,10,11,12,1212,0,"yes",8,9,9,10,2198,1705,0,"no",12,10,10,11,4,TRUE
"GP","F",17,"U","GT3","T",4,4,"services","teacher","home","mother",2,1,1,"no","yes","no","no","yes","yes","yes","no",4,2,4,2,3,2,30,14,15,16,1213,1,"no",24,18,18,18,2199,1706,1,"no",27,16,16,17,2.5,TRUE
"GP","F",16,"U","LE3","T",4,4,"teacher","teacher","reputation","mother",1,2,0,"no","yes","no","no","yes","yes","yes","no",4,5,2,1,2,3,0,11,10,11,1214,0,"yes",0,9,9,10,2200,1707,0,"no",0,10,10,10,1.5,FALSE
"GP","F",16,"U","GT3","T",4,3,"health","other","home","mother",1,2,0,"no","yes","no","yes","yes","yes","yes","no",4,3,5,1,5,2,2,14,14,15,1215,0,"no",2,16,16,16,2201,1708,0,"no",2,15,15,16,3,TRUE
"GP","F",16,"U","GT3","T",2,3,"other","other","reputation","mother",1,2,0,"yes","yes","no","yes","yes","yes","no","no",4,4,3,1,3,4,4,11,12,12,1216,0,"yes",6,8,10,10,2202,1709,0,"no",5,10,11,11,2,FALSE
"GP","F",17,"U","GT3","T",1,1,"other","other","course","mother",1,2,0,"no","yes","no","no","no","yes","no","no",4,4,4,1,3,1,0,14,15,15,1217,0,"yes",4,9,9,10,2203,1710,0,"no",2,12,12,12,2,FALSE
"GP","F",17,"R","GT3","T",2,2,"other","other","reputation","mother",1,1,0,"no","yes","no","no","yes","yes","yes","no",5,3,2,1,2,3,21,13,13,13,1218,0,"no",18,7,6,6,2204,1711,0,"no",20,10,10,10,1.5,FALSE
"GP","F",16,"R","GT3","T",2,2,"services","services","reputation","mother",2,4,0,"no","yes","no","yes","no","yes","yes","no",5,3,5,1,1,5,6,13,13,13,1219,0,"yes",6,10,10,11,2205,1712,0,"no",6,12,12,12,1,FALSE
"GP","F",17,"U","GT3","T",3,4,"at_home","services","home","mother",1,3,1,"no","yes","yes","no","yes","yes","yes","yes",4,4,3,3,4,5,14,8,9,8,1220,1,"yes",28,10,9,9,2206,1713,1,"yes",21,9,9,8,3.5,TRUE
"GP","F",16,"U","GT3","A",3,1,"services","other","course","mother",1,2,0,"no","yes","no","no","yes","yes","yes","no",2,3,3,2,2,4,2,11,11,12,1221,3,"yes",5,7,7,7,2207,1714,2,"no",4,9,9,10,2,FALSE
"GP","F",16,"U","GT3","T",4,3,"teacher","other","other","mother",1,2,0,"no","no","no","yes","yes","yes","yes","yes",1,3,2,1,1,1,4,14,15,15,1222,0,"yes",10,11,12,13,2208,1715,0,"no",7,12,14,14,1,FALSE
"GP","F",16,"U","GT3","T",1,1,"at_home","other","home","mother",2,1,0,"no","yes","no","no","yes","yes","no","no",4,3,2,1,4,5,2,12,13,13,1223,0,"yes",6,9,9,10,2209,1716,0,"no",4,10,11,12,2.5,TRUE
"GP","F",17,"R","GT3","T",4,3,"teacher","other","reputation","mother",2,3,0,"no","yes","no","yes","yes","yes","yes","yes",4,4,2,1,1,4,0,11,12,12,1224,0,"yes",6,7,7,7,2210,1717,0,"no",3,9,10,10,1,FALSE
"GP","F",19,"U","GT3","T",3,3,"other","other","reputation","other",1,4,0,"no","yes","no","yes","yes","yes","yes","no",4,3,3,1,2,3,4,12,12,12,1225,0,"yes",10,8,8,8,2211,1718,0,"no",7,10,10,10,1.5,FALSE
"GP","M",17,"U","LE3","T",4,4,"services","other","home","mother",1,2,0,"no","yes","no","no","yes","yes","yes","yes",5,3,5,4,5,3,15,13,12,12,1226,0,"yes",13,12,12,13,2212,1719,0,"no",14,12,12,12,4.5,TRUE
"GP","F",16,"U","GT3","A",2,2,"other","other","reputation","mother",1,2,0,"yes","yes","no","no","yes","yes","yes","no",3,3,4,1,1,4,0,13,13,13,1227,0,"yes",0,12,13,14,2213,1720,0,"no",0,12,13,14,1,FALSE
"GP","M",18,"U","GT3","T",2,2,"services","other","home","mother",1,2,0,"no","yes","no","yes","yes","yes","yes","no",4,4,4,2,4,5,10,12,11,11,1228,1,"yes",15,6,7,8,2214,1721,0,"no",12,9,9,10,3,TRUE
"GP","F",17,"R","LE3","T",4,4,"services","other","other","mother",1,1,0,"no","yes","no","no","yes","yes","no","no",5,2,1,1,2,3,6,12,11,11,1229,0,"yes",12,8,10,10,2215,1722,0,"no",9,10,10,10,1.5,FALSE
"GP","F",17,"U","LE3","T",3,2,"other","other","reputation","mother",2,2,0,"no","no","no","no","yes","yes","yes","no",4,4,4,1,3,1,2,14,16,15,1230,0,"yes",2,14,15,15,2216,1723,0,"no",2,14,16,15,2,FALSE
"GP","F",17,"U","GT3","T",4,3,"other","other","reputation","mother",1,2,0,"no","no","no","no","yes","yes","yes","yes",3,4,5,2,4,1,16,11,9,10,1231,2,"yes",22,6,6,4,2217,1724,1,"no",19,8,8,7,3,TRUE
"GP","M",18,"U","LE3","T",3,3,"services","health","home","father",1,2,0,"no","yes","no","no","yes","yes","yes","no",3,2,4,2,4,4,10,10,10,10,1232,1,"yes",13,6,6,8,2218,1725,0,"no",12,8,8,9,3,TRUE
"GP","F",17,"U","GT3","T",2,3,"at_home","other","home","father",2,1,0,"no","yes","no","no","yes","yes","no","no",3,3,3,1,4,3,4,12,13,13,1233,0,"yes",3,7,7,8,2219,1726,0,"no",4,10,10,10,2.5,TRUE
"GP","F",17,"U","GT3","T",2,2,"at_home","at_home","course","mother",1,3,0,"no","yes","no","yes","yes","yes","yes","no",4,3,3,1,1,4,0,12,12,13,1234,0,"yes",4,9,10,10,2220,1727,0,"no",2,10,11,12,1,FALSE
"GP","F",17,"R","GT3","T",2,1,"at_home","services","reputation","mother",2,2,0,"no","yes","no","yes","yes","yes","yes","no",4,2,5,1,2,5,0,11,10,11,1235,0,"no",2,6,6,6,2221,1728,0,"no",1,8,8,8,1.5,FALSE
"GP","F",17,"U","GT3","T",1,1,"at_home","other","reputation","mother",1,3,0,"no","yes","no","yes","yes","yes","no","yes",4,3,4,1,1,5,12,12,12,12,1236,1,"no",0,6,5,0,2222,1729,0,"no",6,9,8,6,1,FALSE
"GP","F",16,"U","GT3","T",2,3,"services","teacher","other","mother",1,2,0,"yes","no","no","no","yes","yes","yes","no",2,3,1,1,1,3,0,13,13,14,1237,0,"no",2,16,16,17,2223,1730,0,"no",1,14,14,16,1,FALSE
"GP","M",18,"U","GT3","T",2,2,"other","other","home","mother",2,2,3,"no","yes","yes","no","yes","yes","yes","no",3,3,3,5,5,4,9,10,9,10,1238,0,"yes",0,12,13,13,2224,1731,2,"yes",4,11,11,12,5,TRUE
"GP","F",16,"U","GT3","T",4,4,"teacher","services","home","mother",1,3,0,"no","yes","no","yes","no","yes","yes","no",5,3,2,1,1,5,4,15,16,16,1239,0,"no",0,13,13,14,2225,1732,0,"no",2,14,14,15,1,FALSE
"GP","F",18,"R","GT3","T",3,1,"other","other","reputation","mother",1,2,0,"no","no","no","yes","yes","yes","yes","yes",5,3,3,1,1,4,4,8,8,8,1240,1,"no",16,9,8,7,2226,1733,0,"no",10,8,8,8,1,FALSE
"GP","F",17,"U","GT3","T",3,2,"other","other","course","mother",1,2,0,"no","no","no","yes","no","yes","yes","no",5,3,4,1,3,3,2,17,18,17,1241,0,"no",10,16,15,15,2227,1734,0,"no",6,16,16,16,2,FALSE
"GP","M",17,"U","LE3","T",2,3,"services","services","reputation","father",1,2,0,"no","yes","no","no","no","yes","yes","no",5,3,3,1,3,3,0,10,11,11,1242,0,"yes",2,12,11,12,2228,1735,0,"no",1,11,11,12,2,FALSE
"GP","M",18,"U","LE3","T",2,1,"at_home","other","course","mother",4,2,0,"yes","yes","no","yes","yes","yes","yes","yes",4,3,2,4,5,3,2,9,10,11,1243,0,"yes",14,10,8,9,2229,1736,0,"no",8,10,9,10,4.5,TRUE
"GP","F",17,"U","GT3","A",2,1,"other","other","course","mother",2,3,0,"no","no","no","yes","yes","yes","yes","yes",3,2,3,1,2,3,0,15,15,16,1244,0,"no",10,12,10,12,2230,1737,0,"no",5,14,12,14,1.5,FALSE
"GP","F",17,"U","LE3","T",4,3,"health","other","reputation","father",1,2,0,"no","no","no","yes","yes","yes","yes","yes",3,2,3,1,2,3,0,14,12,12,1245,0,"no",14,13,13,14,2231,1738,0,"no",7,14,12,13,1.5,FALSE
"GP","M",17,"R","GT3","T",2,2,"other","other","course","father",2,2,0,"no","yes","no","yes","yes","yes","yes","no",4,5,2,1,1,1,0,12,13,13,1246,0,"yes",4,11,11,11,2232,1739,0,"no",2,12,12,12,1,FALSE
"GP","M",17,"U","GT3","T",4,4,"teacher","teacher","reputation","mother",1,2,0,"yes","yes","no","yes","yes","yes","yes","yes",4,5,5,1,3,2,0,13,13,13,1247,0,"no",14,11,9,9,2233,1740,0,"no",7,12,11,11,2,FALSE
"GP","M",16,"U","GT3","T",4,4,"health","other","reputation","father",1,2,0,"no","yes","no","yes","yes","yes","yes","no",4,2,4,2,4,1,0,13,13,14,1248,0,"yes",2,14,13,13,2234,1741,0,"no",1,14,13,14,3,TRUE
"GP","M",16,"U","LE3","T",1,1,"other","other","home","mother",2,2,0,"no","yes","no","no","yes","yes","yes","no",3,4,2,1,1,5,2,9,9,9,1249,0,"yes",18,9,7,6,2235,1742,0,"no",10,9,8,8,1,FALSE
"GP","M",16,"U","GT3","T",3,2,"at_home","other","reputation","mother",2,3,0,"no","no","no","yes","yes","yes","yes","yes",5,3,3,1,3,2,0,12,12,12,1250,0,"no",10,11,9,10,2236,1743,0,"no",5,12,10,11,2,FALSE
"GP","M",17,"U","LE3","T",2,2,"other","other","home","father",1,2,0,"no","no","no","yes","no","yes","yes","yes",4,4,2,5,5,4,0,16,16,16,1251,0,"yes",4,14,13,13,2237,1744,0,"no",2,15,14,14,5,TRUE
"GP","F",16,"U","GT3","T",2,1,"other","other","home","mother",1,1,0,"no","no","no","no","yes","yes","yes","yes",4,5,2,1,1,5,4,9,10,10,1252,0,"no",20,13,12,12,2238,1745,0,"no",12,11,11,11,1,FALSE
"GP","F",17,"R","GT3","T",2,1,"at_home","services","course","mother",3,2,0,"no","no","no","yes","yes","yes","no","no",2,1,1,1,1,3,2,13,13,13,1262,0,"no",2,13,11,11,2239,1750,0,"no",2,13,12,12,1,FALSE
"GP","M",18,"U","GT3","T",2,2,"other","services","reputation","father",1,2,0,"no","no","no","no","yes","no","yes","no",5,5,4,3,5,2,16,8,7,8,1264,1,"no",0,7,7,0,2240,1752,0,"no",8,8,7,4,4,TRUE
"GP","M",17,"U","LE3","T",4,3,"health","other","course","mother",2,2,0,"no","no","no","yes","yes","yes","yes","yes",2,5,5,1,4,5,8,15,15,15,1268,0,"no",14,12,12,12,2241,1754,0,"no",11,14,14,14,2.5,TRUE
"GP","M",17,"R","LE3","A",4,4,"teacher","other","course","mother",2,2,0,"no","yes","no","no","yes","yes","yes","no",3,3,3,2,3,4,0,12,12,12,1269,0,"yes",2,10,11,12,2242,1756,0,"no",1,11,12,12,2.5,TRUE
"GP","M",16,"U","LE3","T",4,3,"teacher","other","course","mother",1,1,0,"no","no","no","yes","no","yes","yes","no",5,4,5,1,1,3,7,14,14,15,1270,0,"no",0,6,0,0,2243,1756,0,"no",4,10,7,8,1,FALSE
"GP","M",16,"U","GT3","T",4,4,"services","services","course","mother",1,1,0,"no","no","yes","yes","yes","yes","yes","no",5,3,2,1,2,5,4,14,15,15,1271,0,"no",0,13,12,12,2244,1758,0,"yes",2,14,14,14,1.5,FALSE
"GP","F",18,"U","GT3","T",2,1,"other","other","course","other",2,3,0,"no","yes","no","no","no","yes","yes","yes",4,4,4,1,1,3,10,12,10,11,1276,0,"yes",0,7,0,0,2245,1760,0,"no",5,10,5,6,1,FALSE
"GP","M",16,"U","GT3","T",2,1,"other","other","course","mother",3,1,0,"no","no","no","no","yes","yes","yes","no",4,3,3,1,1,4,7,15,16,16,1277,0,"no",6,18,18,18,2246,1762,0,"no",6,16,17,17,1,FALSE
"GP","M",17,"U","GT3","T",2,3,"other","other","course","father",2,1,0,"no","no","no","no","yes","yes","yes","no",5,2,2,1,1,2,2,9,12,13,1279,0,"no",4,12,12,13,2247,1763,0,"no",3,10,12,13,1,FALSE
"GP","M",22,"U","GT3","T",3,1,"services","services","other","mother",1,1,3,"no","no","no","no","no","no","yes","yes",5,4,5,5,5,1,12,7,8,5,1280,3,"no",16,6,8,8,2248,1764,3,"no",14,6,8,6,5,TRUE
"GP","M",18,"R","LE3","T",3,3,"other","services","course","mother",1,2,0,"no","yes","no","no","yes","yes","yes","yes",4,3,3,1,3,5,8,10,9,10,1281,1,"no",8,3,5,5,2249,1765,0,"no",8,6,7,8,2,FALSE
"GP","M",16,"U","GT3","T",0,2,"other","other","other","mother",1,1,0,"no","no","no","no","no","yes","yes","no",4,3,2,2,4,5,0,11,12,11,1282,0,"yes",0,13,15,15,2250,1766,0,"no",0,12,14,13,3,TRUE
"GP","M",18,"U","GT3","T",3,2,"services","other","course","mother",2,1,0,"no","no","no","no","yes","no","yes","no",4,4,5,2,4,5,8,7,8,7,1283,1,"no",0,6,8,8,2251,1767,0,"no",4,6,8,8,3,TRUE
"GP","M",16,"U","GT3","T",3,3,"at_home","other","reputation","other",3,2,1,"yes","yes","no","no","no","yes","yes","no",5,3,3,1,3,2,4,9,11,10,1284,0,"no",6,7,10,10,2252,1768,0,"no",5,8,10,10,2,FALSE
"GP","M",18,"U","GT3","T",2,1,"services","services","other","mother",1,1,2,"no","no","no","no","no","no","yes","no",3,2,5,2,5,5,4,7,8,6,1285,1,"no",4,6,9,8,2253,1769,2,"no",4,6,8,7,3.5,TRUE
"GP","M",16,"R","GT3","T",2,1,"other","other","course","mother",2,1,0,"no","no","no","yes","no","yes","no","no",3,3,2,1,3,3,2,14,13,12,1286,0,"no",0,8,9,8,2254,1770,0,"no",1,11,11,10,2,FALSE
"GP","M",17,"R","GT3","T",2,1,"other","other","course","mother",1,1,0,"no","no","no","no","no","yes","yes","no",4,4,2,2,4,5,0,12,12,13,1287,0,"no",0,8,12,12,2255,1771,0,"no",0,10,12,12,3,TRUE
"GP","M",17,"U","LE3","T",1,1,"health","other","course","mother",2,1,1,"no","yes","no","yes","yes","yes","yes","no",4,4,4,1,2,5,0,9,10,10,1288,1,"no",2,7,9,8,2256,1772,1,"no",1,8,10,9,1.5,FALSE
"GP","F",17,"U","LE3","T",4,2,"teacher","services","reputation","mother",1,4,0,"no","yes","no","yes","yes","yes","yes","no",4,2,3,1,1,4,2,14,15,17,1290,0,"yes",6,14,12,13,2257,1774,0,"no",4,14,14,15,1,FALSE
"GP","M",19,"U","LE3","A",4,3,"services","at_home","reputation","mother",1,2,0,"no","yes","no","no","yes","yes","yes","no",4,3,1,1,1,1,4,11,13,14,1296,0,"no",12,11,11,11,2258,1777,0,"no",8,11,12,12,1,FALSE
"GP","M",18,"U","GT3","T",2,1,"other","other","home","mother",1,2,0,"no","no","no","yes","yes","yes","yes","no",5,2,4,1,2,4,2,16,16,16,1297,0,"no",8,15,14,14,2259,1778,0,"no",5,16,15,15,1.5,FALSE
"GP","F",17,"U","LE3","T",2,2,"services","services","course","father",1,4,0,"no","no","no","yes","yes","yes","yes","yes",3,4,1,1,1,2,2,10,11,12,1299,0,"yes",0,10,9,0,2260,1780,0,"no",1,10,10,6,1,FALSE
"GP","F",18,"U","GT3","T",4,3,"services","other","home","father",1,2,0,"no","yes","no","no","yes","yes","yes","yes",3,1,2,1,3,2,2,15,15,15,1301,0,"yes",21,17,18,18,2261,1781,0,"no",12,16,16,16,2,FALSE
"GP","M",18,"U","GT3","T",4,3,"teacher","other","course","mother",1,2,0,"no","yes","no","no","no","yes","yes","no",4,3,2,1,1,3,2,10,10,11,1302,0,"yes",2,8,8,8,2262,1782,0,"no",2,9,9,10,1,FALSE
"GP","M",18,"R","GT3","T",3,2,"other","other","course","mother",1,3,0,"no","no","no","yes","no","yes","no","no",5,3,2,1,1,3,2,10,11,12,1303,0,"no",1,13,12,12,2263,1783,0,"no",2,12,12,12,1,FALSE
"GP","F",17,"U","GT3","T",3,3,"other","other","home","mother",1,3,0,"no","no","no","yes","no","yes","no","no",3,2,3,1,1,4,2,15,12,13,1304,0,"no",4,10,9,9,2264,1784,0,"no",3,12,10,11,1,FALSE
"GP","F",18,"U","GT3","T",2,2,"at_home","services","home","mother",1,3,0,"no","yes","no","yes","yes","yes","yes","yes",4,3,3,1,1,3,0,11,12,13,1305,0,"yes",0,9,10,0,2265,1785,0,"no",0,10,11,6,1,FALSE
"GP","M",18,"R","LE3","A",3,4,"other","other","reputation","mother",2,2,0,"no","yes","no","yes","yes","yes","yes","no",4,2,5,3,4,1,6,15,16,16,1307,0,"yes",13,17,17,17,2266,1786,0,"no",10,16,16,16,3.5,TRUE
"GP","M",17,"U","GT3","T",3,1,"services","other","other","mother",1,2,0,"no","no","no","yes","yes","yes","yes","yes",5,4,4,3,4,5,0,11,11,14,1308,0,"yes",2,9,9,10,2267,1788,0,"no",1,10,10,12,3.5,TRUE
"GP","F",18,"R","GT3","T",4,4,"teacher","other","reputation","mother",2,2,0,"no","no","no","yes","yes","yes","yes","no",4,3,4,2,2,4,8,10,11,12,1309,0,"yes",8,12,10,11,2268,1788,0,"no",8,11,10,12,2,FALSE
"GP","M",18,"U","GT3","T",4,2,"health","other","reputation","father",1,2,0,"no","yes","no","yes","yes","yes","yes","yes",5,4,5,1,3,5,4,10,12,14,1310,0,"yes",10,10,9,10,2269,1790,0,"no",7,10,10,12,2,FALSE
"GP","F",18,"R","GT3","T",2,1,"other","other","reputation","mother",2,2,0,"no","yes","no","no","yes","no","yes","yes",4,3,5,1,2,3,12,8,9,10,1311,0,"no",0,6,0,0,2270,1790,0,"no",6,7,4,5,1.5,FALSE
"GP","F",19,"U","GT3","T",3,3,"other","services","home","other",1,2,0,"no","yes","no","yes","yes","yes","yes","no",4,3,5,3,3,5,16,11,12,12,1312,2,"yes",15,9,9,9,2271,1792,1,"no",16,10,10,10,3,TRUE
"GP","F",18,"U","GT3","T",2,3,"other","services","reputation","father",1,4,0,"no","yes","no","yes","yes","yes","yes","yes",4,5,5,1,3,2,10,16,16,16,1313,0,"yes",4,15,14,14,2272,1792,0,"no",7,16,15,15,2,FALSE
"GP","F",18,"U","LE3","T",1,1,"other","other","home","mother",2,2,0,"no","yes","no","no","no","yes","no","no",4,4,3,1,1,3,2,13,13,13,1314,0,"yes",2,11,11,11,2273,1794,0,"no",2,12,12,12,1,FALSE
"GP","M",17,"R","GT3","T",1,2,"at_home","at_home","home","mother",1,2,0,"no","yes","no","yes","no","yes","no","yes",3,5,2,2,2,1,2,16,17,18,1315,0,"yes",2,15,14,14,2274,1794,0,"no",2,16,16,16,2,FALSE
"GP","F",17,"U","GT3","T",2,4,"at_home","health","reputation","mother",2,2,0,"no","yes","no","no","yes","yes","yes","yes",4,3,3,1,1,1,6,15,16,16,1317,0,"yes",2,10,10,10,2275,1796,0,"no",4,12,13,13,1,FALSE
"GP","F",17,"U","LE3","T",2,2,"services","other","course","mother",2,2,0,"yes","yes","no","no","yes","yes","yes","yes",4,4,4,2,3,5,6,12,12,12,1318,0,"yes",6,12,12,12,2276,1797,0,"no",6,12,12,12,2.5,TRUE
"GP","F",18,"R","GT3","A",3,2,"other","services","home","mother",2,2,0,"no","no","no","no","no","no","yes","yes",4,1,1,1,1,5,15,12,9,10,1319,0,"no",75,10,9,9,2277,1798,0,"no",45,11,9,10,1,FALSE
"GP","M",18,"U","GT3","T",4,4,"teacher","services","home","mother",2,1,0,"no","no","no","yes","yes","yes","yes","no",3,2,4,1,4,3,6,11,12,12,1320,0,"yes",22,9,9,9,2278,1799,0,"no",14,10,10,10,2.5,TRUE
"GP","F",18,"U","GT3","T",4,4,"health","health","reputation","father",1,2,1,"yes","yes","no","yes","yes","yes","yes","yes",2,4,4,1,1,4,2,14,12,13,1321,1,"no",15,9,8,8,2279,1800,1,"no",8,12,10,10,1,FALSE
"GP","M",18,"U","LE3","T",4,3,"teacher","services","course","mother",2,1,0,"no","no","no","yes","yes","yes","yes","no",4,2,3,1,2,1,0,10,10,10,1324,0,"yes",8,10,11,10,2280,1802,0,"no",4,10,10,10,1.5,FALSE
"GP","M",17,"U","LE3","A",4,1,"services","other","home","mother",2,1,0,"no","no","no","yes","yes","yes","yes","yes",4,5,4,2,4,5,22,11,11,10,1326,0,"yes",30,8,8,8,2281,1804,0,"no",26,10,10,9,3,TRUE
"GP","M",17,"U","LE3","A",3,2,"teacher","services","home","mother",1,1,0,"no","no","no","no","yes","yes","yes","no",4,4,4,3,4,3,18,13,13,13,1327,1,"no",19,11,9,10,2282,1804,0,"no",18,12,11,12,3.5,TRUE
"GP","F",18,"R","LE3","T",1,1,"at_home","other","reputation","mother",2,4,0,"no","yes","no","yes","yes","yes","no","no",5,2,2,1,1,3,2,17,17,18,1328,0,"yes",1,12,12,12,2283,1806,0,"no",2,14,14,15,1,FALSE
"GP","F",18,"U","GT3","T",1,1,"other","other","home","mother",2,2,0,"yes","no","no","yes","yes","yes","yes","no",5,4,4,1,1,4,0,12,13,13,1329,0,"no",4,8,9,10,2284,1806,0,"no",2,10,11,12,1,FALSE
"GP","F",17,"U","GT3","T",2,2,"other","other","course","mother",1,2,0,"no","yes","no","no","no","yes","yes","no",5,4,5,1,2,5,12,12,12,14,1330,0,"no",4,10,9,11,2285,1808,0,"no",8,11,10,12,1.5,FALSE
"GP","M",17,"U","GT3","T",1,1,"other","other","reputation","father",1,2,0,"no","no","no","no","no","yes","yes","no",4,3,3,1,2,4,0,12,12,12,1332,0,"yes",2,12,10,11,2286,1809,0,"no",1,12,11,12,1.5,FALSE
"GP","F",18,"U","GT3","T",2,2,"at_home","at_home","other","mother",1,3,0,"no","yes","no","no","yes","yes","yes","no",4,3,3,1,2,2,0,18,18,18,1333,0,"yes",5,18,18,19,2287,1810,0,"no",2,18,18,18,1.5,FALSE
"GP","F",17,"U","GT3","T",1,1,"services","teacher","reputation","mother",1,3,0,"no","yes","no","no","yes","yes","yes","no",4,3,3,1,1,3,0,13,13,14,1334,0,"yes",6,13,12,12,2288,1811,0,"no",3,13,12,13,1,FALSE
"GP","M",18,"U","GT3","T",2,1,"services","services","reputation","mother",1,3,0,"no","no","no","yes","yes","yes","yes","no",4,2,4,1,3,2,0,14,15,15,1335,0,"yes",6,15,14,14,2289,1812,0,"no",3,14,14,14,2,FALSE
"GP","M",18,"U","LE3","A",4,4,"teacher","teacher","reputation","mother",1,2,0,"no","yes","no","yes","yes","yes","yes","no",5,4,3,1,1,2,0,17,17,17,1336,0,"yes",9,15,13,15,2290,1813,0,"no",4,16,15,16,1,FALSE
"GP","M",18,"U","GT3","T",4,2,"teacher","other","home","mother",1,2,0,"no","yes","no","yes","yes","yes","yes","yes",4,3,2,1,4,5,2,15,16,16,1337,0,"yes",11,12,11,11,2291,1814,0,"no",6,14,14,14,2.5,TRUE
"GP","F",17,"U","GT3","T",4,3,"health","services","reputation","mother",1,3,0,"no","yes","no","no","yes","yes","yes","no",4,2,2,1,2,3,0,17,18,18,1338,0,"yes",0,15,15,15,2292,1815,0,"no",0,16,16,16,1.5,FALSE
"GP","F",17,"R","LE3","T",3,1,"services","other","reputation","mother",2,4,0,"no","yes","no","no","yes","yes","no","no",3,1,2,1,1,3,0,18,19,19,1339,0,"yes",6,18,18,18,2294,1816,0,"no",3,18,18,18,1,FALSE
"GP","M",18,"R","LE3","T",3,2,"services","other","reputation","mother",2,3,0,"no","yes","no","yes","yes","yes","yes","no",5,4,2,1,1,4,0,14,15,15,1340,0,"yes",8,14,13,14,2295,1818,0,"no",4,14,14,14,1,FALSE
"GP","M",17,"U","GT3","T",3,3,"health","other","home","mother",1,1,0,"no","yes","no","no","yes","yes","yes","no",4,4,3,1,3,5,0,14,15,15,1341,0,"yes",4,14,12,11,2296,1818,0,"no",2,14,14,13,2,FALSE
"GP","F",19,"U","GT3","T",4,4,"health","other","reputation","other",2,2,0,"no","yes","no","yes","yes","yes","yes","no",2,3,4,2,3,2,2,14,13,13,1342,0,"yes",0,10,9,0,2297,1820,0,"no",1,12,11,6,2.5,TRUE
"GP","F",18,"U","LE3","T",4,3,"other","other","home","other",2,2,0,"no","yes","no","no","yes","yes","yes","yes",4,4,5,1,2,2,0,13,14,14,1343,0,"yes",10,10,8,8,2298,1820,0,"no",5,12,11,11,1.5,FALSE
"GP","F",18,"U","GT3","T",4,3,"other","other","reputation","father",1,4,0,"no","yes","no","no","yes","yes","yes","no",4,3,3,1,1,3,0,16,17,17,1344,0,"yes",0,14,13,14,2299,1822,0,"no",0,15,15,16,1,FALSE
"GP","M",18,"U","LE3","T",4,4,"teacher","teacher","home","mother",1,1,0,"no","yes","no","no","yes","yes","yes","yes",1,4,2,2,2,1,0,18,18,17,1345,0,"yes",5,16,15,16,2300,1822,0,"no",2,17,16,16,2,FALSE
"GP","F",18,"U","LE3","A",4,4,"health","other","home","mother",1,2,0,"no","yes","yes","no","yes","yes","yes","yes",4,2,4,1,1,4,0,14,15,15,1346,0,"no",14,12,10,11,2301,1824,0,"yes",7,13,12,13,1,FALSE
"GP","M",17,"U","LE3","T",4,4,"other","teacher","home","father",2,1,0,"no","no","no","no","yes","yes","yes","no",4,1,1,2,2,5,0,12,13,13,1347,0,"yes",0,11,11,10,2302,1824,0,"no",0,12,12,12,2,FALSE
"GP","F",17,"U","GT3","T",4,2,"other","other","reputation","mother",2,3,0,"no","yes","no","no","yes","yes","yes","no",4,3,3,1,1,3,0,16,16,16,1349,0,"yes",0,15,12,14,2303,1826,0,"no",0,16,14,15,1,FALSE
"GP","F",17,"U","GT3","T",3,2,"health","health","reputation","father",1,4,0,"no","yes","no","yes","no","yes","yes","no",5,2,2,1,2,5,0,18,18,18,1350,0,"yes",0,17,17,18,2304,1827,0,"no",0,18,18,18,1.5,FALSE
"GP","M",20,"U","GT3","A",3,2,"services","other","course","other",1,1,2,"no","no","no","yes","yes","yes","no","no",5,5,3,1,1,5,0,14,15,15,1352,0,"no",0,17,18,18,2307,1830,1,"no",0,16,16,16,1,FALSE
"GP","M",19,"R","GT3","T",3,3,"other","services","reputation","father",1,2,0,"no","no","no","yes","yes","yes","no","yes",4,5,3,1,2,5,0,10,10,11,1353,1,"no",0,15,12,12,2309,1831,0,"no",0,12,11,12,1.5,FALSE
"GP","F",18,"U","GT3","T",2,1,"services","other","course","mother",2,2,0,"no","yes","no","yes","yes","yes","yes","no",5,3,3,1,2,1,2,12,12,15,1355,0,"yes",0,8,8,0,2317,1836,0,"no",1,10,10,8,1.5,FALSE
"GP","F",18,"U","GT3","T",4,3,"other","other","course","mother",1,3,0,"no","yes","no","yes","yes","yes","yes","yes",4,3,4,1,1,5,2,14,15,17,1358,0,"yes",9,9,10,9,2318,1838,0,"no",6,12,12,13,1,FALSE
"GP","F",17,"R","GT3","T",3,4,"at_home","services","course","father",1,3,0,"no","yes","no","yes","no","yes","yes","no",4,3,4,2,5,5,2,15,15,17,1360,0,"yes",0,11,11,10,2319,1840,0,"no",1,13,13,14,3.5,TRUE
"GP","F",18,"U","GT3","T",4,4,"teacher","other","course","mother",1,2,0,"no","yes","no","no","yes","yes","yes","no",4,4,4,3,3,5,0,12,11,13,1363,0,"yes",2,11,11,11,2320,1842,0,"no",1,12,11,12,3,TRUE
"GP","F",17,"U","GT3","A",4,3,"services","services","course","mother",1,2,0,"no","yes","no","no","yes","yes","yes","yes",5,2,2,1,2,5,14,15,14,17,1366,0,"yes",23,13,13,13,2321,1844,0,"no",18,14,14,15,1.5,FALSE
"GP","F",17,"U","GT3","T",2,2,"other","other","course","mother",1,2,0,"no","yes","no","no","yes","yes","no","yes",4,2,2,1,1,3,4,14,13,13,1373,0,"no",12,11,9,9,2322,1848,0,"no",8,12,11,11,1,FALSE
"GP","F",17,"R","LE3","T",2,2,"services","services","course","mother",1,3,0,"no","yes","no","yes","yes","yes","yes","no",3,3,2,2,2,3,0,11,11,10,1374,0,"yes",3,11,11,11,2323,1848,0,"no",2,11,11,10,2,FALSE
"GP","F",17,"U","GT3","T",3,1,"services","services","course","father",1,3,0,"no","yes","no","no","no","yes","yes","no",3,4,3,2,3,5,0,17,18,17,1375,0,"no",1,12,14,15,2324,1850,0,"no",0,14,16,16,2.5,TRUE
"GP","F",17,"U","LE3","T",0,2,"at_home","at_home","home","father",2,3,0,"no","no","no","no","yes","yes","yes","no",3,3,3,2,3,2,0,14,14,15,1376,0,"no",0,16,15,15,2325,1850,0,"no",0,15,14,15,2.5,TRUE
"GP","M",18,"U","GT3","T",4,4,"other","other","course","mother",1,3,0,"no","no","no","yes","yes","yes","yes","no",4,3,3,2,2,3,0,13,14,13,1378,0,"no",3,9,12,11,2326,1852,0,"no",2,11,13,12,2,FALSE
"GP","M",17,"U","GT3","T",3,3,"other","services","reputation","mother",1,1,0,"no","no","no","yes","no","yes","yes","no",4,3,5,3,5,5,0,17,18,17,1379,0,"no",3,14,15,16,2327,1853,0,"no",2,16,16,16,4,TRUE
"GP","M",17,"R","GT3","T",2,2,"services","other","course","mother",4,1,0,"no","yes","no","no","yes","yes","yes","no",4,4,5,5,5,4,2,11,10,10,1380,0,"no",8,11,10,10,2328,1854,0,"no",5,11,10,10,5,TRUE
"GP","F",17,"U","GT3","T",4,4,"teacher","services","course","mother",1,3,0,"no","yes","no","yes","yes","yes","yes","no",5,4,4,1,3,4,0,13,12,13,1381,0,"yes",7,10,9,9,2329,1855,0,"no",4,12,10,11,2,FALSE
"GP","F",17,"U","GT3","T",4,4,"teacher","teacher","course","mother",2,3,0,"no","yes","no","no","no","yes","yes","yes",4,3,3,1,2,4,4,15,14,15,1382,0,"yes",4,14,14,14,2330,1856,0,"no",4,14,14,14,1.5,FALSE
"GP","M",18,"U","LE3","T",2,2,"other","other","course","mother",1,4,0,"no","yes","yes","yes","yes","yes","yes","no",4,5,5,2,4,5,0,11,11,12,1384,0,"no",2,9,8,8,2331,1858,0,"yes",1,10,10,10,3,TRUE
"GP","F",17,"R","GT3","T",2,4,"at_home","other","course","father",1,3,0,"no","yes","no","no","yes","yes","yes","yes",4,4,3,1,1,5,0,15,15,15,1387,0,"no",7,12,14,14,2332,1860,0,"no",4,14,14,14,1,FALSE
"GP","F",18,"U","GT3","T",3,3,"services","services","home","mother",1,2,0,"no","no","no","yes","yes","yes","yes","no",5,3,4,1,1,4,8,10,11,12,1389,0,"no",0,7,0,0,2333,1861,0,"no",4,8,6,6,1,FALSE
"GP","F",18,"U","LE3","T",2,2,"other","other","home","other",1,2,0,"no","no","no","yes","no","yes","yes","yes",4,3,3,1,1,2,0,10,9,12,1390,0,"no",0,8,8,0,2334,1862,0,"no",0,9,8,6,1,FALSE
"GP","F",18,"R","GT3","T",2,2,"at_home","other","course","mother",2,4,0,"no","no","no","yes","yes","yes","no","no",4,4,4,1,1,4,6,14,13,14,1391,0,"no",0,10,9,0,2335,1863,0,"no",3,12,11,7,1,FALSE
"GP","F",17,"U","GT3","T",3,4,"services","other","course","mother",1,3,0,"no","no","no","no","yes","yes","yes","no",4,4,5,1,3,5,8,11,13,14,1392,0,"no",16,16,15,15,2336,1864,0,"no",12,14,14,14,2,FALSE
"GP","F",17,"U","GT3","T",3,2,"other","other","home","mother",1,2,0,"no","yes","no","no","yes","yes","yes","yes",4,3,2,2,3,2,0,12,13,15,1393,0,"yes",0,7,8,0,2338,1866,0,"no",0,10,10,8,2.5,TRUE
"GP","F",18,"U","LE3","T",3,3,"services","services","home","mother",1,4,0,"no","yes","no","no","yes","yes","yes","no",5,3,3,1,1,1,4,14,14,15,1394,0,"no",7,16,15,17,2339,1866,0,"no",6,15,14,16,1,FALSE
"GP","F",17,"R","GT3","A",3,2,"other","other","home","mother",1,2,0,"no","yes","no","no","yes","yes","yes","no",4,3,3,2,3,2,0,14,14,16,1395,0,"yes",4,9,10,10,2340,1868,0,"no",2,12,12,13,2.5,TRUE
"GP","M",18,"U","GT3","T",4,4,"teacher","services","home","father",1,2,0,"no","yes","no","yes","yes","yes","yes","no",4,3,3,2,2,2,0,12,12,13,1396,1,"no",0,10,10,0,2342,1869,0,"no",0,11,11,6,2,FALSE
"GP","M",18,"U","LE3","T",3,4,"services","other","home","mother",1,2,0,"no","no","no","yes","yes","yes","yes","yes",4,3,3,1,3,5,6,16,16,17,1397,0,"no",11,16,15,15,2343,1870,0,"no",8,16,16,16,2,FALSE
"GP","F",17,"U","GT3","A",2,2,"at_home","at_home","home","father",1,2,0,"no","yes","no","no","yes","yes","yes","yes",3,3,1,1,2,4,18,10,12,14,1398,1,"no",0,9,8,0,2344,1871,0,"no",9,10,10,7,1.5,FALSE
"GP","F",18,"U","GT3","T",2,3,"at_home","other","course","mother",1,3,0,"no","yes","no","no","yes","yes","yes","no",4,3,3,1,2,3,0,11,12,14,1399,0,"no",4,11,10,10,2345,1872,0,"no",2,11,11,12,1.5,FALSE
"GP","F",18,"U","GT3","T",3,2,"other","services","other","mother",1,3,0,"no","no","no","no","yes","yes","yes","yes",5,4,3,2,3,1,4,14,16,17,1400,0,"no",7,13,13,14,2346,1873,0,"no",6,14,14,16,2.5,TRUE
"GP","M",18,"R","GT3","T",4,3,"teacher","services","course","mother",1,3,0,"no","no","no","no","yes","yes","yes","yes",5,3,2,1,2,4,4,15,14,17,1401,0,"no",9,16,15,16,2347,1874,0,"no",6,16,14,16,1.5,FALSE
"GP","M",18,"U","GT3","T",4,3,"teacher","other","course","mother",1,3,0,"no","yes","no","no","yes","yes","yes","yes",5,4,5,2,3,5,0,14,13,14,1402,0,"yes",0,10,10,9,2348,1875,0,"no",0,12,12,12,2.5,TRUE
"GP","F",17,"U","GT3","T",4,3,"health","other","reputation","mother",1,3,0,"no","yes","no","yes","yes","yes","yes","yes",4,4,3,1,3,4,0,11,12,13,1403,0,"yes",0,13,15,15,2349,1876,0,"no",0,12,14,14,2,FALSE
"MS","M",18,"R","GT3","T",3,2,"other","other","course","mother",2,1,0,"no","yes","no","no","no","yes","yes","no",2,5,5,5,5,5,8,9,10,11,1577,1,"no",10,11,13,13,2350,1964,0,"no",9,10,12,12,5,TRUE
"MS","M",19,"R","GT3","T",1,1,"other","services","home","other",3,2,1,"no","no","no","no","yes","yes","yes","no",5,4,4,3,3,2,8,10,9,11,1578,3,"no",8,8,7,8,2351,1964,2,"no",8,9,8,10,3,TRUE
"MS","M",17,"U","GT3","T",3,3,"health","other","course","mother",2,2,1,"no","yes","no","no","yes","yes","yes","no",4,5,4,2,3,3,4,8,9,10,1579,0,"yes",2,13,13,13,2352,1966,0,"no",3,10,11,12,2.5,TRUE
"MS","M",18,"U","LE3","T",1,3,"at_home","services","course","mother",1,1,0,"no","no","no","no","yes","no","yes","yes",4,3,3,2,3,3,0,9,10,9,1580,1,"no",7,8,7,8,2353,1966,0,"no",4,8,8,8,2.5,TRUE
"MS","M",19,"R","GT3","T",1,1,"other","other","home","other",3,1,1,"no","yes","no","no","yes","yes","yes","no",4,4,4,3,3,5,4,8,9,10,1581,1,"no",4,8,8,8,2354,1968,1,"no",4,8,8,9,3,TRUE
"MS","M",17,"R","GT3","T",4,3,"services","other","home","mother",2,2,1,"no","yes","yes","yes","no","yes","yes","yes",4,5,5,1,3,2,4,10,11,11,1613,0,"yes",4,13,11,11,2355,1984,0,"yes",4,12,11,11,2,FALSE
"MS","F",18,"U","GT3","T",3,3,"services","services","course","father",1,2,0,"no","yes","no","no","yes","yes","no","yes",5,3,4,1,1,5,0,10,10,10,1614,0,"no",0,10,9,9,2356,1985,0,"no",0,10,10,10,1,FALSE
"MS","F",17,"R","GT3","T",4,4,"teacher","services","other","father",2,2,0,"no","yes","yes","yes","yes","yes","yes","no",4,3,3,1,2,5,2,12,12,12,1615,0,"yes",4,12,13,13,2357,1986,0,"yes",3,12,12,12,1.5,FALSE
"MS","F",17,"U","LE3","A",3,2,"services","other","reputation","mother",2,2,0,"no","no","no","no","yes","yes","no","yes",1,2,3,1,2,5,0,15,14,15,1616,0,"no",2,12,12,11,2358,1987,0,"no",1,14,13,13,1.5,FALSE
"MS","M",18,"U","LE3","T",1,1,"other","services","home","father",2,1,0,"no","no","no","no","no","yes","yes","yes",3,3,2,1,2,3,2,14,13,14,1617,0,"no",4,10,10,10,2359,1988,0,"no",3,12,12,12,1.5,FALSE
"MS","F",18,"U","LE3","T",1,1,"at_home","services","course","father",2,3,0,"no","no","no","no","yes","yes","yes","no",5,3,2,1,1,4,0,19,17,18,1618,0,"no",0,18,16,16,2360,1989,0,"no",0,18,16,17,1,FALSE
"MS","F",18,"U","GT3","T",3,3,"services","services","other","mother",2,2,0,"no","yes","no","no","yes","yes","yes","yes",4,3,2,1,3,3,6,13,12,13,1620,0,"no",0,11,11,10,2363,1992,0,"no",3,12,12,12,2,FALSE
"MS","F",17,"U","LE3","T",4,4,"at_home","at_home","course","mother",1,2,0,"no","yes","no","yes","yes","yes","yes","yes",2,3,4,1,1,1,4,15,14,15,1621,0,"yes",0,16,15,15,2364,1992,0,"no",2,16,14,15,1,FALSE
"MS","F",17,"R","GT3","T",1,2,"other","services","course","father",2,2,0,"no","no","no","no","no","yes","no","no",3,2,2,1,2,3,0,13,13,13,1622,0,"no",0,12,11,12,2365,1994,0,"no",0,12,12,12,1.5,FALSE
"MS","M",18,"R","GT3","T",1,3,"at_home","other","course","mother",2,2,0,"no","yes","yes","no","yes","yes","no","no",3,3,4,2,4,3,0,8,10,9,1623,0,"yes",4,10,10,10,2366,1994,0,"yes",2,9,10,10,3,TRUE
"MS","M",18,"U","LE3","T",4,4,"teacher","services","other","mother",2,3,0,"no","no","no","no","yes","yes","yes","yes",4,2,2,2,2,5,0,15,16,16,1624,0,"yes",0,13,13,13,2367,1996,0,"no",0,14,14,14,2,FALSE
"MS","F",17,"R","GT3","T",1,1,"other","services","reputation","mother",3,1,1,"no","yes","no","no","yes","yes","yes","yes",5,2,1,1,2,1,0,8,8,9,1625,1,"yes",0,7,6,0,2368,1996,1,"no",0,8,7,4,1.5,FALSE
"MS","F",18,"U","GT3","T",2,3,"at_home","services","course","father",2,1,0,"no","yes","no","no","yes","yes","yes","yes",5,2,3,1,2,4,0,10,10,10,1626,0,"yes",0,11,10,10,2369,1998,0,"no",0,10,10,10,1.5,FALSE
"MS","F",18,"R","GT3","T",4,4,"other","teacher","other","father",3,2,0,"no","yes","no","no","no","yes","yes","yes",3,2,2,4,2,5,0,7,5,0,1627,0,"yes",10,14,12,11,2370,1998,0,"no",5,10,8,6,3,TRUE
"MS","M",18,"R","LE3","T",1,2,"at_home","services","other","father",3,1,0,"no","yes","no","yes","yes","no","yes","yes",4,3,3,2,3,3,3,9,10,10,1628,0,"yes",3,14,12,12,2372,2000,0,"no",3,12,11,11,2.5,TRUE
"MS","F",17,"U","GT3","T",2,2,"other","at_home","home","mother",1,3,0,"no","no","no","yes","yes","yes","no","yes",3,4,3,1,1,3,8,10,11,12,1629,0,"no",8,13,11,11,2373,2001,0,"no",8,12,11,12,1,FALSE
"MS","F",17,"R","GT3","T",1,2,"other","other","course","mother",1,1,0,"no","no","no","yes","yes","yes","yes","no",3,5,5,1,3,1,4,7,8,9,1630,0,"no",14,6,5,5,2374,2002,0,"no",9,6,6,7,2,FALSE
"MS","F",18,"R","LE3","T",4,4,"other","other","reputation","mother",2,3,0,"no","no","no","no","yes","yes","yes","no",5,4,4,1,1,1,0,15,17,17,1631,0,"no",0,19,18,19,2375,2003,0,"no",0,17,18,18,1,FALSE
"MS","F",18,"R","GT3","T",1,1,"other","other","home","mother",4,3,0,"no","no","no","no","yes","yes","yes","no",4,3,2,1,2,4,4,10,11,12,1632,0,"no",2,8,8,10,2376,2004,0,"no",3,9,10,11,1.5,FALSE
"MS","F",18,"R","LE3","T",4,4,"teacher","services","course","mother",1,2,0,"no","no","no","yes","yes","yes","yes","no",5,4,3,3,4,2,1,13,14,14,1634,0,"yes",4,8,9,10,2378,2006,0,"no",2,10,12,12,3.5,TRUE
"MS","F",18,"U","GT3","T",3,3,"other","other","home","mother",1,2,0,"no","no","no","no","yes","yes","yes","yes",4,1,3,1,2,1,1,16,16,16,1635,0,"yes",0,15,15,15,2379,2007,0,"no",0,16,16,16,1.5,FALSE
"MS","F",17,"R","GT3","T",3,1,"at_home","other","reputation","mother",1,2,0,"no","yes","no","yes","no","yes","yes","no",4,5,4,2,3,1,10,8,9,9,1636,0,"yes",17,10,10,10,2380,2008,0,"no",14,9,10,10,2.5,TRUE
"MS","M",18,"U","GT3","T",4,4,"teacher","teacher","home","father",1,2,0,"no","no","no","yes","no","yes","yes","no",3,2,4,1,4,2,4,17,18,19,1637,0,"yes",4,15,14,14,2381,2009,0,"no",4,16,16,16,2.5,TRUE
"MS","M",18,"R","GT3","T",2,1,"other","other","other","mother",2,1,0,"no","no","no","yes","no","yes","yes","yes",4,4,3,1,3,5,0,7,7,0,1638,0,"no",5,7,6,7,2382,2010,0,"no",2,7,6,4,2,FALSE
"MS","M",17,"U","GT3","T",2,3,"other","services","home","father",2,2,0,"no","no","no","yes","yes","yes","yes","no",4,4,3,1,1,3,4,14,15,16,1639,0,"no",2,11,11,10,2383,2011,0,"no",3,12,13,13,1,FALSE
"MS","M",19,"R","GT3","T",1,1,"other","services","other","mother",2,1,1,"no","no","no","no","yes","yes","no","no",4,3,2,1,3,5,0,5,8,0,1640,1,"no",0,6,5,0,2384,2012,1,"no",0,6,6,0,2,FALSE
"MS","M",18,"R","GT3","T",4,2,"other","other","home","father",2,1,1,"no","no","yes","no","yes","yes","no","no",5,4,3,4,3,3,0,7,7,0,1641,1,"yes",14,6,5,5,2385,2013,1,"yes",7,6,6,2,3.5,TRUE
"MS","F",18,"R","GT3","T",2,2,"at_home","other","other","mother",2,3,0,"no","no","no","no","yes","yes","no","no",5,3,3,1,3,4,0,14,17,15,1642,0,"yes",2,10,9,10,2386,2014,0,"no",1,12,13,12,2,FALSE
"MS","F",18,"R","GT3","T",4,4,"teacher","at_home","reputation","mother",3,1,0,"no","yes","no","yes","yes","yes","yes","yes",4,4,3,2,2,5,4,7,9,10,1644,0,"yes",7,6,5,6,2387,2016,0,"no",6,6,7,8,2,FALSE
"MS","F",19,"R","GT3","T",2,3,"services","other","course","mother",1,3,1,"no","no","no","yes","no","yes","yes","no",5,4,2,1,2,5,4,10,11,10,1645,1,"no",0,7,5,0,2388,2016,1,"no",2,8,8,5,1.5,FALSE
"MS","F",18,"U","LE3","T",3,1,"teacher","services","course","mother",1,2,0,"no","yes","no","no","yes","yes","yes","no",4,3,4,1,1,1,4,15,15,16,1646,0,"yes",0,7,9,8,2389,2018,0,"no",2,11,12,12,1,FALSE
"MS","F",18,"U","GT3","T",1,1,"other","other","course","mother",2,2,0,"no","no","no","yes","yes","yes","no","no",1,1,1,1,1,5,6,11,12,9,1647,1,"no",0,6,5,0,2390,2018,0,"no",3,8,8,4,1,FALSE
"MS","M",17,"U","LE3","T",3,1,"services","services","course","mother",2,1,0,"no","no","no","no","no","yes","yes","no",2,4,5,3,4,2,6,10,10,10,1648,0,"no",3,14,16,16,2392,2020,0,"no",4,12,13,13,3.5,TRUE
"MS","M",18,"R","LE3","T",3,2,"services","other","course","mother",3,1,0,"no","no","no","no","no","yes","yes","no",4,4,1,3,4,5,4,10,11,11,1649,0,"no",0,11,12,10,2394,2022,0,"no",2,10,12,10,3.5,TRUE
